-- phpMyAdmin SQL Dump
-- version 5.1.3
-- https://www.phpmyadmin.net/
--
-- Host: mysql
-- Generation Time: Apr 27, 2022 at 06:34 PM
-- Server version: 8.0.28
-- PHP Version: 8.0.16

SET SQL_MODE = "NO_AUTO_VALUE_ON_ZERO";
START TRANSACTION;
SET time_zone = "+00:00";


/*!40101 SET @OLD_CHARACTER_SET_CLIENT=@@CHARACTER_SET_CLIENT */;
/*!40101 SET @OLD_CHARACTER_SET_RESULTS=@@CHARACTER_SET_RESULTS */;
/*!40101 SET @OLD_COLLATION_CONNECTION=@@COLLATION_CONNECTION */;
/*!40101 SET NAMES utf8mb4 */;

--
-- Database: `helb_covidsaferoom`
--

-- --------------------------------------------------------

--
-- Table structure for table `administrateur`
--

CREATE TABLE `administrateur` (
  `idAdmin` int NOT NULL,
  `email` varchar(255) NOT NULL,
  `mdp` varchar(255) NOT NULL
) ENGINE=InnoDB DEFAULT CHARSET=utf8mb3;

--
-- Dumping data for table `administrateur`
--

INSERT INTO `administrateur` (`idAdmin`, `email`, `mdp`) VALUES
(1, 'a', 'b');

-- --------------------------------------------------------

--
-- Table structure for table `batiment`
--

CREATE TABLE `batiment` (
  `idBatiment` int NOT NULL,
  `nomBatiment` varchar(255) DEFAULT NULL
) ENGINE=InnoDB DEFAULT CHARSET=utf8mb3;

--
-- Dumping data for table `batiment`
--

INSERT INTO `batiment` (`idBatiment`, `nomBatiment`) VALUES
(1, 'LaPlaine'),
(2, 'Erasme');

-- --------------------------------------------------------

--
-- Table structure for table `local_`
--

CREATE TABLE `local_` (
  `idLocal` int NOT NULL,
  `capteur` int NOT NULL,
  `nom` varchar(255) NOT NULL,
  `idBatiment` int DEFAULT NULL
) ENGINE=InnoDB DEFAULT CHARSET=utf8mb3;

--
-- Dumping data for table `local_`
--

INSERT INTO `local_` (`idLocal`, `capteur`, `nom`, `idBatiment`) VALUES
(1, 1, '1503', 1),
(2, 2, '1250', 2),
(3, 3, '2101', 1),
(4, 4, '3500', 2);

-- --------------------------------------------------------

--
-- Table structure for table `mesure`
--

CREATE TABLE `mesure` (
  `idMesure` int NOT NULL,
  `taux` int NOT NULL,
  `typeData` int NOT NULL,
  `date_` datetime NOT NULL,
  `idLocal` int DEFAULT NULL
) ENGINE=InnoDB DEFAULT CHARSET=utf8mb3;

--
-- Dumping data for table `mesure`
--

INSERT INTO `mesure` (`idMesure`, `taux`, `typeData`, `date_`, `idLocal`) VALUES
(1, 667, 3, '2022-03-28 14:19:35', 1),
(2, 750, 3, '2022-03-22 11:23:40', 1),
(3, 650, 3, '2022-02-21 13:12:53', 2),
(4, 65, 2, '2022-02-21 23:35:39', 1),
(5, 30, 1, '2022-03-28 12:20:19', 3),
(6, 32, 2, '2022-02-21 21:48:50', 4),
(7, 80, 2, '2022-02-21 08:29:23', 2),
(8, 200, 3, '2022-02-21 02:18:37', 1),
(9, -5, 1, '2022-02-21 10:23:06', 4),
(10, 123, 3, '2022-03-28 10:46:23', 3),
(11, 2, 1, '2022-03-28 13:11:15', 1),
(12, 320, 1, '2022-03-28 13:11:21', 1),
(13, 111, 1, '2022-03-28 13:12:28', 1),
(14, 666, 3, '2022-03-28 14:03:50', 1),
(15, 777, 3, '2022-03-28 15:15:01', 1),
(16, 600, 3, '2022-03-29 07:21:49', 4),
(17, 5, 1, '2022-03-29 13:20:28', 1),
(18, 30, 1, '2022-03-29 13:21:23', 1),
(19, 444, 3, '2022-03-29 14:33:28', 1),
(20, 25, 3, '2022-04-25 21:38:33', 1),
(21, -8, 1, '2022-04-26 07:39:54', 1),
(22, 29, 2, '2022-04-26 07:39:54', 1),
(23, 740, 3, '2022-04-26 07:39:54', 1),
(24, -10, 1, '2022-04-26 07:39:54', 2),
(25, 79, 2, '2022-04-26 07:39:54', 2),
(26, 893, 3, '2022-04-26 07:39:54', 2),
(27, 39, 1, '2022-04-26 07:39:54', 3),
(28, 82, 2, '2022-04-26 07:39:54', 3),
(29, 309, 3, '2022-04-26 07:39:54', 3),
(30, -11, 1, '2022-04-26 07:39:54', 4),
(31, 93, 2, '2022-04-26 07:39:54', 4),
(32, 149, 3, '2022-04-26 07:39:54', 4),
(33, 30, 1, '2022-04-26 07:40:09', 1),
(34, 78, 2, '2022-04-26 07:40:09', 1),
(35, 494, 3, '2022-04-26 07:40:09', 1),
(36, 22, 1, '2022-04-26 07:40:09', 2),
(37, 32, 2, '2022-04-26 07:40:09', 2),
(38, 413, 3, '2022-04-26 07:40:09', 2),
(39, 22, 1, '2022-04-26 07:40:09', 3),
(40, 14, 2, '2022-04-26 07:40:09', 3),
(41, 56, 3, '2022-04-26 07:40:09', 3),
(42, 40, 1, '2022-04-26 07:40:09', 4),
(43, 37, 2, '2022-04-26 07:40:09', 4),
(44, 878, 3, '2022-04-26 07:40:09', 4),
(45, 4, 1, '2022-04-26 07:40:24', 1),
(46, 75, 2, '2022-04-26 07:40:24', 1),
(47, 241, 3, '2022-04-26 07:40:24', 1),
(48, 17, 1, '2022-04-26 07:40:24', 2),
(49, 79, 2, '2022-04-26 07:40:24', 2),
(50, 403, 3, '2022-04-26 07:40:24', 2),
(51, 17, 1, '2022-04-26 07:40:24', 3),
(52, 64, 2, '2022-04-26 07:40:24', 3),
(53, 126, 3, '2022-04-26 07:40:24', 3),
(54, 26, 1, '2022-04-26 07:40:24', 4),
(55, 63, 2, '2022-04-26 07:40:24', 4),
(56, 13, 3, '2022-04-26 07:40:24', 4),
(57, 22, 1, '2022-04-26 07:40:39', 1),
(58, 57, 2, '2022-04-26 07:40:39', 1),
(59, 183, 3, '2022-04-26 07:40:39', 1),
(60, -9, 1, '2022-04-26 07:40:39', 2),
(61, 92, 2, '2022-04-26 07:40:39', 2),
(62, 215, 3, '2022-04-26 07:40:39', 2),
(63, 39, 1, '2022-04-26 07:40:39', 3),
(64, 83, 2, '2022-04-26 07:40:39', 3),
(65, 21, 3, '2022-04-26 07:40:39', 3),
(66, 26, 1, '2022-04-26 07:40:39', 4),
(67, 60, 2, '2022-04-26 07:40:39', 4),
(68, 325, 3, '2022-04-26 07:40:39', 4),
(69, -14, 1, '2022-04-26 07:40:54', 1),
(70, 87, 2, '2022-04-26 07:40:54', 1),
(71, 498, 3, '2022-04-26 07:40:54', 1),
(72, -5, 1, '2022-04-26 07:40:54', 2),
(73, 38, 2, '2022-04-26 07:40:54', 2),
(74, 333, 3, '2022-04-26 07:40:54', 2),
(75, -4, 1, '2022-04-26 07:40:54', 3),
(76, 41, 2, '2022-04-26 07:40:54', 3),
(77, 434, 3, '2022-04-26 07:40:54', 3),
(78, -1, 1, '2022-04-26 07:40:54', 4),
(79, 98, 2, '2022-04-26 07:40:54', 4),
(80, 356, 3, '2022-04-26 07:40:54', 4),
(81, 33, 1, '2022-04-26 07:41:09', 1),
(82, 17, 2, '2022-04-26 07:41:09', 1),
(83, 41, 3, '2022-04-26 07:41:09', 1),
(84, 34, 1, '2022-04-26 07:41:09', 2),
(85, 94, 2, '2022-04-26 07:41:09', 2),
(86, 528, 3, '2022-04-26 07:41:09', 2),
(87, 21, 1, '2022-04-26 07:41:09', 3),
(88, 81, 2, '2022-04-26 07:41:09', 3),
(89, 495, 3, '2022-04-26 07:41:09', 3),
(90, 10, 1, '2022-04-26 07:41:09', 4),
(91, 33, 2, '2022-04-26 07:41:09', 4),
(92, 310, 3, '2022-04-26 07:41:09', 4),
(93, 6, 1, '2022-04-26 07:41:24', 1),
(94, 92, 2, '2022-04-26 07:41:24', 1),
(95, 837, 3, '2022-04-26 07:41:24', 1),
(96, 21, 1, '2022-04-26 07:41:24', 2),
(97, 52, 2, '2022-04-26 07:41:24', 2),
(98, 423, 3, '2022-04-26 07:41:24', 2),
(99, 7, 1, '2022-04-26 07:41:24', 3),
(100, 80, 2, '2022-04-26 07:41:24', 3),
(101, 852, 3, '2022-04-26 07:41:24', 3),
(102, 31, 1, '2022-04-26 07:41:24', 4),
(103, 0, 2, '2022-04-26 07:41:24', 4),
(104, 178, 3, '2022-04-26 07:41:24', 4),
(105, 3, 1, '2022-04-26 07:41:39', 1),
(106, 57, 2, '2022-04-26 07:41:39', 1),
(107, 695, 3, '2022-04-26 07:41:39', 1),
(108, -11, 1, '2022-04-26 07:41:39', 2),
(109, 63, 2, '2022-04-26 07:41:39', 2),
(110, 18, 3, '2022-04-26 07:41:39', 2),
(111, 40, 1, '2022-04-26 07:41:39', 3),
(112, 1, 2, '2022-04-26 07:41:39', 3),
(113, 463, 3, '2022-04-26 07:41:39', 3),
(114, 4, 1, '2022-04-26 07:41:39', 4),
(115, 88, 2, '2022-04-26 07:41:39', 4),
(116, 335, 3, '2022-04-26 07:41:39', 4),
(117, -6, 1, '2022-04-26 07:41:54', 1),
(118, 32, 2, '2022-04-26 07:41:54', 1),
(119, 203, 3, '2022-04-26 07:41:54', 1),
(120, -2, 1, '2022-04-26 07:41:54', 2),
(121, 60, 2, '2022-04-26 07:41:54', 2),
(122, 784, 3, '2022-04-26 07:41:54', 2),
(123, -3, 1, '2022-04-26 07:41:54', 3),
(124, 18, 2, '2022-04-26 07:41:54', 3),
(125, 188, 3, '2022-04-26 07:41:54', 3),
(126, -10, 1, '2022-04-26 07:41:54', 4),
(127, 83, 2, '2022-04-26 07:41:54', 4),
(128, 180, 3, '2022-04-26 07:41:54', 4),
(129, 1, 1, '2022-04-26 07:42:09', 1),
(130, 29, 2, '2022-04-26 07:42:09', 1),
(131, 419, 3, '2022-04-26 07:42:09', 1),
(132, 11, 1, '2022-04-26 07:42:09', 2),
(133, 79, 2, '2022-04-26 07:42:09', 2),
(134, 537, 3, '2022-04-26 07:42:09', 2),
(135, 20, 1, '2022-04-26 07:42:09', 3),
(136, 7, 2, '2022-04-26 07:42:09', 3),
(137, 287, 3, '2022-04-26 07:42:09', 3),
(138, 39, 1, '2022-04-26 07:42:09', 4),
(139, 76, 2, '2022-04-26 07:42:09', 4),
(140, 769, 3, '2022-04-26 07:42:09', 4),
(141, 27, 1, '2022-04-26 07:42:24', 1),
(142, 66, 2, '2022-04-26 07:42:24', 1),
(143, 636, 3, '2022-04-26 07:42:24', 1),
(144, 8, 1, '2022-04-26 07:42:24', 2),
(145, 6, 2, '2022-04-26 07:42:24', 2),
(146, 495, 3, '2022-04-26 07:42:24', 2),
(147, 24, 1, '2022-04-26 07:42:24', 3),
(148, 63, 2, '2022-04-26 07:42:24', 3),
(149, 38, 3, '2022-04-26 07:42:24', 3),
(150, -2, 1, '2022-04-26 07:42:24', 4),
(151, 63, 2, '2022-04-26 07:42:24', 4),
(152, 599, 3, '2022-04-26 07:42:24', 4),
(153, 24, 1, '2022-04-26 07:42:39', 1),
(154, 37, 2, '2022-04-26 07:42:39', 1),
(155, 775, 3, '2022-04-26 07:42:39', 1),
(156, -5, 1, '2022-04-26 07:42:39', 2),
(157, 79, 2, '2022-04-26 07:42:39', 2),
(158, 208, 3, '2022-04-26 07:42:39', 2),
(159, 33, 1, '2022-04-26 07:42:39', 3),
(160, 76, 2, '2022-04-26 07:42:39', 3),
(161, 871, 3, '2022-04-26 07:42:39', 3),
(162, -10, 1, '2022-04-26 07:42:39', 4),
(163, 93, 2, '2022-04-26 07:42:39', 4),
(164, 771, 3, '2022-04-26 07:42:39', 4),
(165, -8, 1, '2022-04-26 07:42:54', 1),
(166, 13, 2, '2022-04-26 07:42:54', 1),
(167, 13, 3, '2022-04-26 07:42:54', 1),
(168, 33, 1, '2022-04-26 07:42:54', 2),
(169, 57, 2, '2022-04-26 07:42:54', 2),
(170, 765, 3, '2022-04-26 07:42:54', 2),
(171, 35, 1, '2022-04-26 07:42:54', 3),
(172, 48, 2, '2022-04-26 07:42:54', 3),
(173, 464, 3, '2022-04-26 07:42:54', 3),
(174, 4, 1, '2022-04-26 07:42:54', 4),
(175, 22, 2, '2022-04-26 07:42:54', 4),
(176, 637, 3, '2022-04-26 07:42:54', 4),
(177, -7, 1, '2022-04-26 07:43:09', 1),
(178, 61, 2, '2022-04-26 07:43:09', 1),
(179, 349, 3, '2022-04-26 07:43:09', 1),
(180, 40, 1, '2022-04-26 07:43:09', 2),
(181, 0, 2, '2022-04-26 07:43:09', 2),
(182, 806, 3, '2022-04-26 07:43:09', 2),
(183, 20, 1, '2022-04-26 07:43:09', 3),
(184, 27, 2, '2022-04-26 07:43:09', 3),
(185, 583, 3, '2022-04-26 07:43:09', 3),
(186, -2, 1, '2022-04-26 07:43:09', 4),
(187, 30, 2, '2022-04-26 07:43:09', 4),
(188, 507, 3, '2022-04-26 07:43:09', 4),
(189, 19, 1, '2022-04-26 07:43:24', 1),
(190, 76, 2, '2022-04-26 07:43:24', 1),
(191, 312, 3, '2022-04-26 07:43:24', 1),
(192, 27, 1, '2022-04-26 07:43:24', 2),
(193, 23, 2, '2022-04-26 07:43:24', 2),
(194, 663, 3, '2022-04-26 07:43:24', 2),
(195, -10, 1, '2022-04-26 07:43:24', 3),
(196, 45, 2, '2022-04-26 07:43:24', 3),
(197, 31, 3, '2022-04-26 07:43:24', 3),
(198, 24, 1, '2022-04-26 07:43:24', 4),
(199, 67, 2, '2022-04-26 07:43:24', 4),
(200, 831, 3, '2022-04-26 07:43:24', 4),
(201, -13, 1, '2022-04-26 07:43:39', 1),
(202, 52, 2, '2022-04-26 07:43:39', 1),
(203, 731, 3, '2022-04-26 07:43:39', 1),
(204, 34, 1, '2022-04-26 07:43:39', 2),
(205, 35, 2, '2022-04-26 07:43:39', 2),
(206, 659, 3, '2022-04-26 07:43:39', 2),
(207, 38, 1, '2022-04-26 07:43:39', 3),
(208, 17, 2, '2022-04-26 07:43:39', 3),
(209, 640, 3, '2022-04-26 07:43:39', 3),
(210, -6, 1, '2022-04-26 07:43:39', 4),
(211, 11, 2, '2022-04-26 07:43:39', 4),
(212, 663, 3, '2022-04-26 07:43:39', 4),
(213, -3, 1, '2022-04-26 07:43:54', 1),
(214, 79, 2, '2022-04-26 07:43:54', 1),
(215, 880, 3, '2022-04-26 07:43:54', 1),
(216, 26, 1, '2022-04-26 07:43:54', 2),
(217, 42, 2, '2022-04-26 07:43:54', 2),
(218, 419, 3, '2022-04-26 07:43:54', 2),
(219, 36, 1, '2022-04-26 07:43:54', 3),
(220, 18, 2, '2022-04-26 07:43:54', 3),
(221, 752, 3, '2022-04-26 07:43:54', 3),
(222, 14, 1, '2022-04-26 07:43:54', 4),
(223, 80, 2, '2022-04-26 07:43:54', 4),
(224, 419, 3, '2022-04-26 07:43:54', 4),
(225, 40, 1, '2022-04-26 07:44:09', 1),
(226, 3, 2, '2022-04-26 07:44:09', 1),
(227, 715, 3, '2022-04-26 07:44:09', 1),
(228, -14, 1, '2022-04-26 07:44:09', 2),
(229, 21, 2, '2022-04-26 07:44:09', 2),
(230, 351, 3, '2022-04-26 07:44:09', 2),
(231, -1, 1, '2022-04-26 07:44:09', 3),
(232, 32, 2, '2022-04-26 07:44:09', 3),
(233, 323, 3, '2022-04-26 07:44:09', 3),
(234, 15, 1, '2022-04-26 07:44:09', 4),
(235, 36, 2, '2022-04-26 07:44:09', 4),
(236, 134, 3, '2022-04-26 07:44:09', 4),
(237, 33, 1, '2022-04-26 07:44:24', 1),
(238, 8, 2, '2022-04-26 07:44:24', 1),
(239, 757, 3, '2022-04-26 07:44:24', 1),
(240, 21, 1, '2022-04-26 07:44:24', 2),
(241, 87, 2, '2022-04-26 07:44:24', 2),
(242, 826, 3, '2022-04-26 07:44:24', 2),
(243, 22, 1, '2022-04-26 07:44:24', 3),
(244, 86, 2, '2022-04-26 07:44:25', 3),
(245, 687, 3, '2022-04-26 07:44:25', 3),
(246, 38, 1, '2022-04-26 07:44:25', 4),
(247, 97, 2, '2022-04-26 07:44:25', 4),
(248, 207, 3, '2022-04-26 07:44:25', 4),
(249, 11, 1, '2022-04-26 07:44:40', 1),
(250, 45, 2, '2022-04-26 07:44:40', 1),
(251, 771, 3, '2022-04-26 07:44:40', 1),
(252, 3, 1, '2022-04-26 07:44:40', 2),
(253, 42, 2, '2022-04-26 07:44:40', 2),
(254, 392, 3, '2022-04-26 07:44:40', 2),
(255, -5, 1, '2022-04-26 07:44:40', 3),
(256, 11, 2, '2022-04-26 07:44:40', 3),
(257, 723, 3, '2022-04-26 07:44:40', 3),
(258, 22, 1, '2022-04-26 07:44:40', 4),
(259, 49, 2, '2022-04-26 07:44:40', 4),
(260, 581, 3, '2022-04-26 07:44:40', 4),
(261, 29, 1, '2022-04-26 07:44:55', 1),
(262, 74, 2, '2022-04-26 07:44:55', 1),
(263, 198, 3, '2022-04-26 07:44:55', 1),
(264, -11, 1, '2022-04-26 07:44:55', 2),
(265, 84, 2, '2022-04-26 07:44:55', 2),
(266, 579, 3, '2022-04-26 07:44:55', 2),
(267, 14, 1, '2022-04-26 07:44:55', 3),
(268, 18, 2, '2022-04-26 07:44:55', 3),
(269, 268, 3, '2022-04-26 07:44:55', 3),
(270, -7, 1, '2022-04-26 07:44:55', 4),
(271, 26, 2, '2022-04-26 07:44:55', 4),
(272, 801, 3, '2022-04-26 07:44:55', 4),
(273, -8, 1, '2022-04-26 07:45:10', 1),
(274, 44, 2, '2022-04-26 07:45:10', 1),
(275, 427, 3, '2022-04-26 07:45:10', 1),
(276, 16, 1, '2022-04-26 07:45:10', 2),
(277, 58, 2, '2022-04-26 07:45:10', 2),
(278, 355, 3, '2022-04-26 07:45:10', 2),
(279, 31, 1, '2022-04-26 07:45:10', 3),
(280, 6, 2, '2022-04-26 07:45:10', 3),
(281, 155, 3, '2022-04-26 07:45:10', 3),
(282, -15, 1, '2022-04-26 07:45:10', 4),
(283, 100, 2, '2022-04-26 07:45:10', 4),
(284, 157, 3, '2022-04-26 07:45:10', 4),
(285, 30, 1, '2022-04-26 07:45:25', 1),
(286, 19, 2, '2022-04-26 07:45:25', 1),
(287, 707, 3, '2022-04-26 07:45:25', 1),
(288, 15, 1, '2022-04-26 07:45:25', 2),
(289, 2, 2, '2022-04-26 07:45:25', 2),
(290, 298, 3, '2022-04-26 07:45:25', 2),
(291, 18, 1, '2022-04-26 07:45:25', 3),
(292, 85, 2, '2022-04-26 07:45:25', 3),
(293, 808, 3, '2022-04-26 07:45:25', 3),
(294, 31, 1, '2022-04-26 07:45:25', 4),
(295, 75, 2, '2022-04-26 07:45:25', 4),
(296, 843, 3, '2022-04-26 07:45:25', 4),
(297, 6, 1, '2022-04-26 07:45:40', 1),
(298, 98, 2, '2022-04-26 07:45:40', 1),
(299, 371, 3, '2022-04-26 07:45:40', 1),
(300, 23, 1, '2022-04-26 07:45:40', 2),
(301, 72, 2, '2022-04-26 07:45:40', 2),
(302, 602, 3, '2022-04-26 07:45:40', 2),
(303, 28, 1, '2022-04-26 07:45:40', 3),
(304, 31, 2, '2022-04-26 07:45:40', 3),
(305, 17, 3, '2022-04-26 07:45:40', 3),
(306, 8, 1, '2022-04-26 07:45:40', 4),
(307, 8, 2, '2022-04-26 07:45:40', 4),
(308, 115, 3, '2022-04-26 07:45:40', 4),
(309, 23, 1, '2022-04-26 07:45:55', 1),
(310, 34, 2, '2022-04-26 07:45:55', 1),
(311, 83, 3, '2022-04-26 07:45:55', 1),
(312, 22, 1, '2022-04-26 07:45:55', 2),
(313, 92, 2, '2022-04-26 07:45:55', 2),
(314, 188, 3, '2022-04-26 07:45:55', 2),
(315, 5, 1, '2022-04-26 07:45:55', 3),
(316, 71, 2, '2022-04-26 07:45:55', 3),
(317, 394, 3, '2022-04-26 07:45:55', 3),
(318, 7, 1, '2022-04-26 07:45:55', 4),
(319, 80, 2, '2022-04-26 07:45:55', 4),
(320, 153, 3, '2022-04-26 07:45:55', 4),
(321, 40, 1, '2022-04-26 07:46:10', 1),
(322, 73, 2, '2022-04-26 07:46:10', 1),
(323, 265, 3, '2022-04-26 07:46:10', 1),
(324, 0, 1, '2022-04-26 07:46:10', 2),
(325, 79, 2, '2022-04-26 07:46:10', 2),
(326, 852, 3, '2022-04-26 07:46:10', 2),
(327, 34, 1, '2022-04-26 07:46:10', 3),
(328, 38, 2, '2022-04-26 07:46:10', 3),
(329, 250, 3, '2022-04-26 07:46:10', 3),
(330, -12, 1, '2022-04-26 07:46:10', 4),
(331, 10, 2, '2022-04-26 07:46:10', 4),
(332, 232, 3, '2022-04-26 07:46:10', 4),
(333, 28, 1, '2022-04-26 07:46:25', 1),
(334, 20, 2, '2022-04-26 07:46:25', 1),
(335, 202, 3, '2022-04-26 07:46:25', 1),
(336, 1, 1, '2022-04-26 07:46:25', 2),
(337, 4, 2, '2022-04-26 07:46:25', 2),
(338, 512, 3, '2022-04-26 07:46:25', 2),
(339, 2, 1, '2022-04-26 07:46:25', 3),
(340, 93, 2, '2022-04-26 07:46:25', 3),
(341, 645, 3, '2022-04-26 07:46:25', 3),
(342, 5, 1, '2022-04-26 07:46:25', 4),
(343, 80, 2, '2022-04-26 07:46:25', 4),
(344, 31, 3, '2022-04-26 07:46:25', 4),
(345, -4, 1, '2022-04-26 07:46:40', 1),
(346, 96, 2, '2022-04-26 07:46:40', 1),
(347, 156, 3, '2022-04-26 07:46:40', 1),
(348, -12, 1, '2022-04-26 07:46:40', 2),
(349, 67, 2, '2022-04-26 07:46:40', 2),
(350, 350, 3, '2022-04-26 07:46:40', 2),
(351, 4, 1, '2022-04-26 07:46:40', 3),
(352, 95, 2, '2022-04-26 07:46:40', 3),
(353, 99, 3, '2022-04-26 07:46:40', 3),
(354, -2, 1, '2022-04-26 07:46:40', 4),
(355, 98, 2, '2022-04-26 07:46:40', 4),
(356, 312, 3, '2022-04-26 07:46:40', 4),
(357, 36, 1, '2022-04-26 07:50:16', 1),
(358, 32, 2, '2022-04-26 07:50:16', 1),
(359, 857, 3, '2022-04-26 07:50:16', 1),
(360, 40, 1, '2022-04-26 07:50:16', 2),
(361, 22, 2, '2022-04-26 07:50:16', 2),
(362, 865, 3, '2022-04-26 07:50:16', 2),
(363, 5, 1, '2022-04-26 07:50:16', 3),
(364, 28, 2, '2022-04-26 07:50:16', 3),
(365, 549, 3, '2022-04-26 07:50:16', 3),
(366, 16, 1, '2022-04-26 07:50:16', 4),
(367, 89, 2, '2022-04-26 07:50:16', 4),
(368, 856, 3, '2022-04-26 07:50:16', 4),
(369, -9, 1, '2022-04-26 07:50:31', 1),
(370, 2, 2, '2022-04-26 07:50:31', 1),
(371, 331, 3, '2022-04-26 07:50:31', 1),
(372, -14, 1, '2022-04-26 07:50:31', 2),
(373, 12, 2, '2022-04-26 07:50:31', 2),
(374, 389, 3, '2022-04-26 07:50:31', 2),
(375, 5, 1, '2022-04-26 07:50:31', 3),
(376, 64, 2, '2022-04-26 07:50:31', 3),
(377, 539, 3, '2022-04-26 07:50:31', 3),
(378, -2, 1, '2022-04-26 07:50:31', 4),
(379, 98, 2, '2022-04-26 07:50:31', 4),
(380, 785, 3, '2022-04-26 07:50:31', 4),
(381, 27, 1, '2022-04-26 07:50:46', 1),
(382, 42, 2, '2022-04-26 07:50:46', 1),
(383, 679, 3, '2022-04-26 07:50:46', 1),
(384, 15, 1, '2022-04-26 07:50:46', 2),
(385, 14, 2, '2022-04-26 07:50:46', 2),
(386, 184, 3, '2022-04-26 07:50:46', 2),
(387, -11, 1, '2022-04-26 07:50:46', 3),
(388, 96, 2, '2022-04-26 07:50:46', 3),
(389, 486, 3, '2022-04-26 07:50:46', 3),
(390, -9, 1, '2022-04-26 07:50:46', 4),
(391, 13, 2, '2022-04-26 07:50:46', 4),
(392, 437, 3, '2022-04-26 07:50:46', 4),
(393, 24, 1, '2022-04-26 07:51:01', 1),
(394, 1, 2, '2022-04-26 07:51:01', 1),
(395, 181, 3, '2022-04-26 07:51:01', 1),
(396, 22, 1, '2022-04-26 07:51:01', 2),
(397, 49, 2, '2022-04-26 07:51:01', 2),
(398, 458, 3, '2022-04-26 07:51:01', 2),
(399, 22, 1, '2022-04-26 07:51:01', 3),
(400, 89, 2, '2022-04-26 07:51:01', 3),
(401, 88, 3, '2022-04-26 07:51:01', 3),
(402, -7, 1, '2022-04-26 07:51:01', 4),
(403, 83, 2, '2022-04-26 07:51:01', 4),
(404, 168, 3, '2022-04-26 07:51:01', 4),
(405, 16, 1, '2022-04-26 07:51:16', 1),
(406, 4, 2, '2022-04-26 07:51:16', 1),
(407, 753, 3, '2022-04-26 07:51:16', 1),
(408, 18, 1, '2022-04-26 07:51:16', 2),
(409, 50, 2, '2022-04-26 07:51:16', 2),
(410, 316, 3, '2022-04-26 07:51:16', 2),
(411, 1, 1, '2022-04-26 07:51:16', 3),
(412, 89, 2, '2022-04-26 07:51:16', 3),
(413, 73, 3, '2022-04-26 07:51:16', 3),
(414, 1, 1, '2022-04-26 07:51:16', 4),
(415, 45, 2, '2022-04-26 07:51:16', 4),
(416, 338, 3, '2022-04-26 07:51:16', 4),
(417, 4, 1, '2022-04-26 07:51:31', 1),
(418, 13, 2, '2022-04-26 07:51:31', 1),
(419, 531, 3, '2022-04-26 07:51:31', 1),
(420, 14, 1, '2022-04-26 07:51:31', 2),
(421, 79, 2, '2022-04-26 07:51:31', 2),
(422, 715, 3, '2022-04-26 07:51:31', 2),
(423, 40, 1, '2022-04-26 07:51:31', 3),
(424, 72, 2, '2022-04-26 07:51:31', 3),
(425, 271, 3, '2022-04-26 07:51:31', 3),
(426, 30, 1, '2022-04-26 07:51:31', 4),
(427, 7, 2, '2022-04-26 07:51:31', 4),
(428, 434, 3, '2022-04-26 07:51:31', 4),
(429, 14, 1, '2022-04-26 07:51:46', 1),
(430, 22, 2, '2022-04-26 07:51:46', 1),
(431, 541, 3, '2022-04-26 07:51:46', 1),
(432, -7, 1, '2022-04-26 07:51:46', 2),
(433, 6, 2, '2022-04-26 07:51:46', 2),
(434, 140, 3, '2022-04-26 07:51:46', 2),
(435, 22, 1, '2022-04-26 07:51:46', 3),
(436, 56, 2, '2022-04-26 07:51:46', 3),
(437, 208, 3, '2022-04-26 07:51:46', 3),
(438, 39, 1, '2022-04-26 07:51:46', 4),
(439, 61, 2, '2022-04-26 07:51:46', 4),
(440, 112, 3, '2022-04-26 07:51:46', 4),
(441, 1, 1, '2022-04-26 07:52:01', 1),
(442, 75, 2, '2022-04-26 07:52:01', 1),
(443, 238, 3, '2022-04-26 07:52:01', 1),
(444, 13, 1, '2022-04-26 07:52:01', 2),
(445, 16, 2, '2022-04-26 07:52:01', 2),
(446, 649, 3, '2022-04-26 07:52:01', 2),
(447, 4, 1, '2022-04-26 07:52:01', 3),
(448, 13, 2, '2022-04-26 07:52:01', 3),
(449, 7, 3, '2022-04-26 07:52:01', 3),
(450, 6, 1, '2022-04-26 07:52:01', 4),
(451, 59, 2, '2022-04-26 07:52:01', 4),
(452, 466, 3, '2022-04-26 07:52:01', 4),
(453, -9, 1, '2022-04-26 07:52:16', 1),
(454, 25, 2, '2022-04-26 07:52:16', 1),
(455, 465, 3, '2022-04-26 07:52:16', 1),
(456, 14, 1, '2022-04-26 07:52:16', 2),
(457, 60, 2, '2022-04-26 07:52:16', 2),
(458, 253, 3, '2022-04-26 07:52:16', 2),
(459, 29, 1, '2022-04-26 07:52:16', 3),
(460, 73, 2, '2022-04-26 07:52:16', 3),
(461, 436, 3, '2022-04-26 07:52:16', 3),
(462, -13, 1, '2022-04-26 07:52:16', 4),
(463, 76, 2, '2022-04-26 07:52:16', 4),
(464, 542, 3, '2022-04-26 07:52:16', 4),
(465, 6, 1, '2022-04-26 07:52:31', 1),
(466, 86, 2, '2022-04-26 07:52:31', 1),
(467, 536, 3, '2022-04-26 07:52:31', 1),
(468, 9, 1, '2022-04-26 07:52:31', 2),
(469, 93, 2, '2022-04-26 07:52:31', 2),
(470, 765, 3, '2022-04-26 07:52:31', 2),
(471, 16, 1, '2022-04-26 07:52:31', 3),
(472, 54, 2, '2022-04-26 07:52:31', 3),
(473, 474, 3, '2022-04-26 07:52:31', 3),
(474, 19, 1, '2022-04-26 07:52:31', 4),
(475, 44, 2, '2022-04-26 07:52:31', 4),
(476, 876, 3, '2022-04-26 07:52:31', 4),
(477, 40, 1, '2022-04-26 07:52:46', 1),
(478, 57, 2, '2022-04-26 07:52:46', 1),
(479, 748, 3, '2022-04-26 07:52:46', 1),
(480, 1, 1, '2022-04-26 07:52:46', 2),
(481, 87, 2, '2022-04-26 07:52:46', 2),
(482, 327, 3, '2022-04-26 07:52:46', 2),
(483, 29, 1, '2022-04-26 07:52:46', 3),
(484, 5, 2, '2022-04-26 07:52:46', 3),
(485, 141, 3, '2022-04-26 07:52:46', 3),
(486, 32, 1, '2022-04-26 07:52:46', 4),
(487, 24, 2, '2022-04-26 07:52:46', 4),
(488, 566, 3, '2022-04-26 07:52:46', 4),
(489, 32, 1, '2022-04-26 07:53:01', 1),
(490, 21, 2, '2022-04-26 07:53:01', 1),
(491, 660, 3, '2022-04-26 07:53:01', 1),
(492, -3, 1, '2022-04-26 07:53:01', 2),
(493, 60, 2, '2022-04-26 07:53:01', 2),
(494, 125, 3, '2022-04-26 07:53:01', 2),
(495, 16, 1, '2022-04-26 07:53:01', 3),
(496, 4, 2, '2022-04-26 07:53:01', 3),
(497, 184, 3, '2022-04-26 07:53:01', 3),
(498, 15, 1, '2022-04-26 07:53:01', 4),
(499, 77, 2, '2022-04-26 07:53:01', 4),
(500, 202, 3, '2022-04-26 07:53:01', 4),
(501, -6, 1, '2022-04-26 07:53:16', 1),
(502, 39, 2, '2022-04-26 07:53:16', 1),
(503, 72, 3, '2022-04-26 07:53:16', 1),
(504, 15, 1, '2022-04-26 07:53:16', 2),
(505, 72, 2, '2022-04-26 07:53:16', 2),
(506, 754, 3, '2022-04-26 07:53:16', 2),
(507, -15, 1, '2022-04-26 07:53:16', 3),
(508, 47, 2, '2022-04-26 07:53:16', 3),
(509, 437, 3, '2022-04-26 07:53:16', 3),
(510, 16, 1, '2022-04-26 07:53:16', 4),
(511, 4, 2, '2022-04-26 07:53:16', 4),
(512, 831, 3, '2022-04-26 07:53:16', 4),
(513, -11, 1, '2022-04-26 07:53:31', 1),
(514, 95, 2, '2022-04-26 07:53:31', 1),
(515, 712, 3, '2022-04-26 07:53:31', 1),
(516, 40, 1, '2022-04-26 07:53:31', 2),
(517, 50, 2, '2022-04-26 07:53:31', 2),
(518, 878, 3, '2022-04-26 07:53:31', 2),
(519, 33, 1, '2022-04-26 07:53:31', 3),
(520, 5, 2, '2022-04-26 07:53:31', 3),
(521, 127, 3, '2022-04-26 07:53:31', 3),
(522, 5, 1, '2022-04-26 07:53:31', 4),
(523, 23, 2, '2022-04-26 07:53:31', 4),
(524, 858, 3, '2022-04-26 07:53:31', 4),
(525, 1, 1, '2022-04-26 07:53:46', 1),
(526, 23, 2, '2022-04-26 07:53:46', 1),
(527, 168, 3, '2022-04-26 07:53:46', 1),
(528, 37, 1, '2022-04-26 07:53:46', 2),
(529, 34, 2, '2022-04-26 07:53:46', 2),
(530, 195, 3, '2022-04-26 07:53:46', 2),
(531, 12, 1, '2022-04-26 07:53:46', 3),
(532, 77, 2, '2022-04-26 07:53:46', 3),
(533, 239, 3, '2022-04-26 07:53:46', 3),
(534, 22, 1, '2022-04-26 07:53:46', 4),
(535, 36, 2, '2022-04-26 07:53:46', 4),
(536, 400, 3, '2022-04-26 07:53:46', 4),
(537, -3, 1, '2022-04-26 07:54:01', 1),
(538, 81, 2, '2022-04-26 07:54:01', 1),
(539, 897, 3, '2022-04-26 07:54:01', 1),
(540, -10, 1, '2022-04-26 07:54:01', 2),
(541, 24, 2, '2022-04-26 07:54:01', 2),
(542, 668, 3, '2022-04-26 07:54:01', 2),
(543, 16, 1, '2022-04-26 07:54:01', 3),
(544, 14, 2, '2022-04-26 07:54:01', 3),
(545, 408, 3, '2022-04-26 07:54:01', 3),
(546, -12, 1, '2022-04-26 07:54:01', 4),
(547, 0, 2, '2022-04-26 07:54:01', 4),
(548, 16, 3, '2022-04-26 07:54:01', 4),
(549, -11, 1, '2022-04-26 07:54:16', 1),
(550, 41, 2, '2022-04-26 07:54:16', 1),
(551, 68, 3, '2022-04-26 07:54:16', 1),
(552, 34, 1, '2022-04-26 07:54:16', 2),
(553, 23, 2, '2022-04-26 07:54:16', 2),
(554, 225, 3, '2022-04-26 07:54:16', 2),
(555, -4, 1, '2022-04-26 07:54:16', 3),
(556, 9, 2, '2022-04-26 07:54:16', 3),
(557, 838, 3, '2022-04-26 07:54:16', 3),
(558, 27, 1, '2022-04-26 07:54:16', 4),
(559, 18, 2, '2022-04-26 07:54:16', 4),
(560, 675, 3, '2022-04-26 07:54:16', 4),
(561, 16, 1, '2022-04-26 07:54:31', 1),
(562, 85, 2, '2022-04-26 07:54:31', 1),
(563, 156, 3, '2022-04-26 07:54:31', 1),
(564, 25, 1, '2022-04-26 07:54:31', 2),
(565, 31, 2, '2022-04-26 07:54:31', 2),
(566, 230, 3, '2022-04-26 07:54:31', 2),
(567, -3, 1, '2022-04-26 07:54:31', 3),
(568, 13, 2, '2022-04-26 07:54:31', 3),
(569, 598, 3, '2022-04-26 07:54:31', 3),
(570, 19, 1, '2022-04-26 07:54:31', 4),
(571, 56, 2, '2022-04-26 07:54:31', 4),
(572, 622, 3, '2022-04-26 07:54:31', 4),
(573, 31, 1, '2022-04-26 07:54:46', 1),
(574, 16, 2, '2022-04-26 07:54:46', 1),
(575, 606, 3, '2022-04-26 07:54:46', 1),
(576, -7, 1, '2022-04-26 07:54:46', 2),
(577, 59, 2, '2022-04-26 07:54:46', 2),
(578, 869, 3, '2022-04-26 07:54:46', 2),
(579, 31, 1, '2022-04-26 07:54:46', 3),
(580, 0, 2, '2022-04-26 07:54:46', 3),
(581, 615, 3, '2022-04-26 07:54:46', 3),
(582, -3, 1, '2022-04-26 07:54:46', 4),
(583, 87, 2, '2022-04-26 07:54:46', 4),
(584, 52, 3, '2022-04-26 07:54:46', 4),
(585, 9, 1, '2022-04-26 07:55:01', 1),
(586, 12, 2, '2022-04-26 07:55:01', 1),
(587, 553, 3, '2022-04-26 07:55:01', 1),
(588, -12, 1, '2022-04-26 07:55:01', 2),
(589, 86, 2, '2022-04-26 07:55:01', 2),
(590, 839, 3, '2022-04-26 07:55:01', 2),
(591, 39, 1, '2022-04-26 07:55:01', 3),
(592, 55, 2, '2022-04-26 07:55:01', 3),
(593, 100, 3, '2022-04-26 07:55:01', 3),
(594, 17, 1, '2022-04-26 07:55:01', 4),
(595, 73, 2, '2022-04-26 07:55:01', 4),
(596, 242, 3, '2022-04-26 07:55:01', 4),
(597, -12, 1, '2022-04-26 07:55:16', 1),
(598, 100, 2, '2022-04-26 07:55:16', 1),
(599, 417, 3, '2022-04-26 07:55:16', 1),
(600, -14, 1, '2022-04-26 07:55:16', 2),
(601, 99, 2, '2022-04-26 07:55:16', 2),
(602, 304, 3, '2022-04-26 07:55:16', 2),
(603, -6, 1, '2022-04-26 07:55:16', 3),
(604, 12, 2, '2022-04-26 07:55:16', 3),
(605, 42, 3, '2022-04-26 07:55:16', 3),
(606, 21, 1, '2022-04-26 07:55:16', 4),
(607, 49, 2, '2022-04-26 07:55:16', 4),
(608, 137, 3, '2022-04-26 07:55:16', 4),
(609, 39, 1, '2022-04-26 07:55:31', 1),
(610, 66, 2, '2022-04-26 07:55:31', 1),
(611, 278, 3, '2022-04-26 07:55:31', 1),
(612, 40, 1, '2022-04-26 07:55:31', 2),
(613, 94, 2, '2022-04-26 07:55:31', 2),
(614, 573, 3, '2022-04-26 07:55:31', 2),
(615, 20, 1, '2022-04-26 07:55:31', 3),
(616, 26, 2, '2022-04-26 07:55:31', 3),
(617, 592, 3, '2022-04-26 07:55:31', 3),
(618, -12, 1, '2022-04-26 07:55:31', 4),
(619, 80, 2, '2022-04-26 07:55:31', 4),
(620, 65, 3, '2022-04-26 07:55:31', 4),
(621, -9, 1, '2022-04-26 07:55:46', 1),
(622, 26, 2, '2022-04-26 07:55:46', 1),
(623, 795, 3, '2022-04-26 07:55:46', 1),
(624, 39, 1, '2022-04-26 07:55:46', 2),
(625, 6, 2, '2022-04-26 07:55:46', 2),
(626, 500, 3, '2022-04-26 07:55:46', 2),
(627, -12, 1, '2022-04-26 07:55:46', 3),
(628, 87, 2, '2022-04-26 07:55:46', 3),
(629, 113, 3, '2022-04-26 07:55:46', 3),
(630, -14, 1, '2022-04-26 07:55:46', 4),
(631, 90, 2, '2022-04-26 07:55:46', 4),
(632, 839, 3, '2022-04-26 07:55:46', 4),
(633, -5, 1, '2022-04-26 07:56:01', 1),
(634, 63, 2, '2022-04-26 07:56:01', 1),
(635, 92, 3, '2022-04-26 07:56:01', 1),
(636, 21, 1, '2022-04-26 07:56:01', 2),
(637, 0, 2, '2022-04-26 07:56:01', 2),
(638, 519, 3, '2022-04-26 07:56:01', 2),
(639, 40, 1, '2022-04-26 07:56:01', 3),
(640, 14, 2, '2022-04-26 07:56:01', 3),
(641, 529, 3, '2022-04-26 07:56:01', 3),
(642, -3, 1, '2022-04-26 07:56:01', 4),
(643, 85, 2, '2022-04-26 07:56:01', 4),
(644, 660, 3, '2022-04-26 07:56:01', 4),
(645, -6, 1, '2022-04-26 07:56:16', 1),
(646, 49, 2, '2022-04-26 07:56:16', 1),
(647, 754, 3, '2022-04-26 07:56:16', 1),
(648, 35, 1, '2022-04-26 07:56:16', 2),
(649, 5, 2, '2022-04-26 07:56:16', 2),
(650, 193, 3, '2022-04-26 07:56:16', 2),
(651, 6, 1, '2022-04-26 07:56:16', 3),
(652, 21, 2, '2022-04-26 07:56:16', 3),
(653, 1, 3, '2022-04-26 07:56:16', 3),
(654, 21, 1, '2022-04-26 07:56:16', 4),
(655, 35, 2, '2022-04-26 07:56:16', 4),
(656, 889, 3, '2022-04-26 07:56:16', 4),
(657, 26, 1, '2022-04-26 07:56:31', 1),
(658, 3, 2, '2022-04-26 07:56:31', 1),
(659, 260, 3, '2022-04-26 07:56:31', 1),
(660, 7, 1, '2022-04-26 07:56:31', 2),
(661, 96, 2, '2022-04-26 07:56:31', 2),
(662, 278, 3, '2022-04-26 07:56:31', 2),
(663, 5, 1, '2022-04-26 07:56:31', 3),
(664, 68, 2, '2022-04-26 07:56:31', 3),
(665, 278, 3, '2022-04-26 07:56:31', 3),
(666, 6, 1, '2022-04-26 07:56:31', 4),
(667, 76, 2, '2022-04-26 07:56:31', 4),
(668, 441, 3, '2022-04-26 07:56:31', 4),
(669, 16, 1, '2022-04-26 07:56:46', 1),
(670, 31, 2, '2022-04-26 07:56:46', 1),
(671, 418, 3, '2022-04-26 07:56:46', 1),
(672, 29, 1, '2022-04-26 07:56:46', 2),
(673, 66, 2, '2022-04-26 07:56:46', 2),
(674, 428, 3, '2022-04-26 07:56:46', 2),
(675, -6, 1, '2022-04-26 07:56:46', 3),
(676, 28, 2, '2022-04-26 07:56:46', 3),
(677, 20, 3, '2022-04-26 07:56:46', 3),
(678, 9, 1, '2022-04-26 07:56:46', 4),
(679, 50, 2, '2022-04-26 07:56:46', 4),
(680, 652, 3, '2022-04-26 07:56:46', 4),
(681, 20, 1, '2022-04-26 07:57:01', 1),
(682, 43, 2, '2022-04-26 07:57:01', 1),
(683, 827, 3, '2022-04-26 07:57:01', 1),
(684, -4, 1, '2022-04-26 07:57:01', 2),
(685, 61, 2, '2022-04-26 07:57:01', 2),
(686, 469, 3, '2022-04-26 07:57:01', 2),
(687, 33, 1, '2022-04-26 07:57:01', 3),
(688, 25, 2, '2022-04-26 07:57:01', 3),
(689, 680, 3, '2022-04-26 07:57:01', 3),
(690, 0, 1, '2022-04-26 07:57:01', 4),
(691, 17, 2, '2022-04-26 07:57:01', 4),
(692, 516, 3, '2022-04-26 07:57:01', 4),
(693, 1, 1, '2022-04-26 07:57:16', 1),
(694, 61, 2, '2022-04-26 07:57:16', 1),
(695, 163, 3, '2022-04-26 07:57:16', 1),
(696, 5, 1, '2022-04-26 07:57:16', 2),
(697, 55, 2, '2022-04-26 07:57:16', 2),
(698, 557, 3, '2022-04-26 07:57:16', 2),
(699, -14, 1, '2022-04-26 07:57:16', 3),
(700, 60, 2, '2022-04-26 07:57:16', 3),
(701, 441, 3, '2022-04-26 07:57:16', 3),
(702, -5, 1, '2022-04-26 07:57:16', 4),
(703, 100, 2, '2022-04-26 07:57:16', 4),
(704, 535, 3, '2022-04-26 07:57:16', 4),
(705, -3, 1, '2022-04-26 07:57:31', 1),
(706, 92, 2, '2022-04-26 07:57:31', 1),
(707, 373, 3, '2022-04-26 07:57:31', 1),
(708, 7, 1, '2022-04-26 07:57:31', 2),
(709, 50, 2, '2022-04-26 07:57:31', 2),
(710, 596, 3, '2022-04-26 07:57:31', 2),
(711, 4, 1, '2022-04-26 07:57:31', 3),
(712, 8, 2, '2022-04-26 07:57:31', 3),
(713, 854, 3, '2022-04-26 07:57:31', 3),
(714, 2, 1, '2022-04-26 07:57:31', 4),
(715, 16, 2, '2022-04-26 07:57:31', 4),
(716, 248, 3, '2022-04-26 07:57:31', 4),
(717, -8, 1, '2022-04-26 07:57:46', 1),
(718, 15, 2, '2022-04-26 07:57:46', 1),
(719, 54, 3, '2022-04-26 07:57:46', 1),
(720, 38, 1, '2022-04-26 07:57:46', 2),
(721, 87, 2, '2022-04-26 07:57:46', 2),
(722, 767, 3, '2022-04-26 07:57:46', 2),
(723, 33, 1, '2022-04-26 07:57:46', 3),
(724, 9, 2, '2022-04-26 07:57:46', 3),
(725, 171, 3, '2022-04-26 07:57:46', 3),
(726, 17, 1, '2022-04-26 07:57:46', 4),
(727, 9, 2, '2022-04-26 07:57:46', 4),
(728, 806, 3, '2022-04-26 07:57:46', 4),
(729, -12, 1, '2022-04-26 07:58:01', 1),
(730, 76, 2, '2022-04-26 07:58:01', 1),
(731, 122, 3, '2022-04-26 07:58:01', 1),
(732, 21, 1, '2022-04-26 07:58:01', 2),
(733, 82, 2, '2022-04-26 07:58:01', 2),
(734, 672, 3, '2022-04-26 07:58:01', 2),
(735, -5, 1, '2022-04-26 07:58:01', 3),
(736, 98, 2, '2022-04-26 07:58:01', 3),
(737, 448, 3, '2022-04-26 07:58:01', 3),
(738, -5, 1, '2022-04-26 07:58:01', 4),
(739, 96, 2, '2022-04-26 07:58:01', 4),
(740, 234, 3, '2022-04-26 07:58:01', 4),
(741, 19, 1, '2022-04-26 07:58:16', 1),
(742, 73, 2, '2022-04-26 07:58:16', 1),
(743, 666, 3, '2022-04-26 07:58:16', 1),
(744, 27, 1, '2022-04-26 07:58:16', 2),
(745, 76, 2, '2022-04-26 07:58:16', 2),
(746, 453, 3, '2022-04-26 07:58:16', 2),
(747, -14, 1, '2022-04-26 07:58:16', 3),
(748, 13, 2, '2022-04-26 07:58:16', 3),
(749, 530, 3, '2022-04-26 07:58:16', 3),
(750, 15, 1, '2022-04-26 07:58:16', 4),
(751, 83, 2, '2022-04-26 07:58:16', 4),
(752, 537, 3, '2022-04-26 07:58:16', 4),
(753, 29, 1, '2022-04-26 07:58:31', 1),
(754, 98, 2, '2022-04-26 07:58:31', 1),
(755, 282, 3, '2022-04-26 07:58:31', 1),
(756, 23, 1, '2022-04-26 07:58:31', 2),
(757, 94, 2, '2022-04-26 07:58:31', 2),
(758, 866, 3, '2022-04-26 07:58:31', 2),
(759, 8, 1, '2022-04-26 07:58:31', 3),
(760, 59, 2, '2022-04-26 07:58:31', 3),
(761, 423, 3, '2022-04-26 07:58:31', 3),
(762, 8, 1, '2022-04-26 07:58:31', 4),
(763, 3, 2, '2022-04-26 07:58:31', 4),
(764, 681, 3, '2022-04-26 07:58:31', 4),
(765, -7, 1, '2022-04-26 07:58:46', 1),
(766, 26, 2, '2022-04-26 07:58:46', 1),
(767, 259, 3, '2022-04-26 07:58:46', 1),
(768, -9, 1, '2022-04-26 07:58:46', 2),
(769, 33, 2, '2022-04-26 07:58:46', 2),
(770, 235, 3, '2022-04-26 07:58:46', 2),
(771, 7, 1, '2022-04-26 07:58:46', 3),
(772, 55, 2, '2022-04-26 07:58:46', 3),
(773, 639, 3, '2022-04-26 07:58:46', 3),
(774, -13, 1, '2022-04-26 07:58:46', 4),
(775, 12, 2, '2022-04-26 07:58:46', 4),
(776, 843, 3, '2022-04-26 07:58:46', 4),
(777, -3, 1, '2022-04-26 08:04:07', 1),
(778, 29, 2, '2022-04-26 08:04:07', 1),
(779, 865, 3, '2022-04-26 08:04:07', 1),
(780, 26, 1, '2022-04-26 08:04:07', 2),
(781, 48, 2, '2022-04-26 08:04:07', 2),
(782, 832, 3, '2022-04-26 08:04:07', 2),
(783, 12, 1, '2022-04-26 08:04:07', 3),
(784, 6, 2, '2022-04-26 08:04:07', 3),
(785, 232, 3, '2022-04-26 08:04:07', 3),
(786, -10, 1, '2022-04-26 08:04:07', 4),
(787, 19, 2, '2022-04-26 08:04:07', 4),
(788, 544, 3, '2022-04-26 08:04:07', 4),
(789, 30, 1, '2022-04-26 08:04:23', 1),
(790, 27, 2, '2022-04-26 08:04:23', 1),
(791, 263, 3, '2022-04-26 08:04:23', 1),
(792, 17, 1, '2022-04-26 08:04:23', 2),
(793, 60, 2, '2022-04-26 08:04:23', 2),
(794, 856, 3, '2022-04-26 08:04:23', 2),
(795, 27, 1, '2022-04-26 08:04:23', 3),
(796, 52, 2, '2022-04-26 08:04:23', 3),
(797, 228, 3, '2022-04-26 08:04:23', 3),
(798, 35, 1, '2022-04-26 08:04:23', 4),
(799, 1, 2, '2022-04-26 08:04:23', 4),
(800, 481, 3, '2022-04-26 08:04:23', 4),
(801, 12, 1, '2022-04-26 08:04:40', 1),
(802, 48, 2, '2022-04-26 08:04:40', 1),
(803, 788, 3, '2022-04-26 08:04:40', 1),
(804, 19, 1, '2022-04-26 08:04:40', 2),
(805, 49, 2, '2022-04-26 08:04:40', 2),
(806, 355, 3, '2022-04-26 08:04:40', 2),
(807, 20, 1, '2022-04-26 08:04:40', 3),
(808, 75, 2, '2022-04-26 08:04:40', 3),
(809, 393, 3, '2022-04-26 08:04:40', 3),
(810, 7, 1, '2022-04-26 08:04:40', 4),
(811, 16, 2, '2022-04-26 08:04:40', 4),
(812, 829, 3, '2022-04-26 08:04:40', 4),
(813, 0, 1, '2022-04-26 08:04:57', 1),
(814, 80, 2, '2022-04-26 08:04:57', 1),
(815, 387, 3, '2022-04-26 08:04:57', 1),
(816, 20, 1, '2022-04-26 08:04:57', 2),
(817, 14, 2, '2022-04-26 08:04:57', 2),
(818, 435, 3, '2022-04-26 08:04:57', 2),
(819, 2, 1, '2022-04-26 08:04:57', 3),
(820, 51, 2, '2022-04-26 08:04:57', 3),
(821, 187, 3, '2022-04-26 08:04:57', 3),
(822, 5, 1, '2022-04-26 08:04:57', 4),
(823, 8, 2, '2022-04-26 08:04:57', 4),
(824, 152, 3, '2022-04-26 08:04:57', 4),
(825, -3, 1, '2022-04-26 08:05:14', 1),
(826, 48, 2, '2022-04-26 08:05:14', 1),
(827, 401, 3, '2022-04-26 08:05:14', 1),
(828, 31, 1, '2022-04-26 08:05:14', 2),
(829, 40, 2, '2022-04-26 08:05:14', 2),
(830, 878, 3, '2022-04-26 08:05:14', 2),
(831, 6, 1, '2022-04-26 08:05:14', 3),
(832, 66, 2, '2022-04-26 08:05:14', 3),
(833, 742, 3, '2022-04-26 08:05:14', 3),
(834, -2, 1, '2022-04-26 08:05:14', 4),
(835, 25, 2, '2022-04-26 08:05:14', 4),
(836, 187, 3, '2022-04-26 08:05:14', 4),
(837, 25, 1, '2022-04-26 08:05:30', 1),
(838, 96, 2, '2022-04-26 08:05:30', 1),
(839, 414, 3, '2022-04-26 08:05:30', 1),
(840, 19, 1, '2022-04-26 08:05:30', 2),
(841, 17, 2, '2022-04-26 08:05:30', 2),
(842, 351, 3, '2022-04-26 08:05:30', 2),
(843, 33, 1, '2022-04-26 08:05:30', 3),
(844, 40, 2, '2022-04-26 08:05:30', 3),
(845, 507, 3, '2022-04-26 08:05:30', 3),
(846, 34, 1, '2022-04-26 08:05:30', 4),
(847, 69, 2, '2022-04-26 08:05:30', 4),
(848, 564, 3, '2022-04-26 08:05:30', 4),
(849, 34, 1, '2022-04-26 08:05:47', 1),
(850, 8, 2, '2022-04-26 08:05:47', 1),
(851, 33, 3, '2022-04-26 08:05:47', 1),
(852, 1, 1, '2022-04-26 08:05:47', 2),
(853, 73, 2, '2022-04-26 08:05:47', 2),
(854, 164, 3, '2022-04-26 08:05:47', 2),
(855, 18, 1, '2022-04-26 08:05:47', 3),
(856, 0, 2, '2022-04-26 08:05:47', 3),
(857, 39, 3, '2022-04-26 08:05:47', 3),
(858, 3, 1, '2022-04-26 08:05:47', 4),
(859, 50, 2, '2022-04-26 08:05:47', 4),
(860, 494, 3, '2022-04-26 08:05:47', 4),
(861, -11, 1, '2022-04-26 08:15:19', 1),
(862, 14, 2, '2022-04-26 08:15:19', 1),
(863, 41, 3, '2022-04-26 08:15:19', 1),
(864, 5, 1, '2022-04-26 08:15:19', 2),
(865, 5, 2, '2022-04-26 08:15:19', 2),
(866, 552, 3, '2022-04-26 08:15:19', 2),
(867, 7, 1, '2022-04-26 08:15:19', 3),
(868, 52, 2, '2022-04-26 08:15:19', 3),
(869, 290, 3, '2022-04-26 08:15:19', 3),
(870, -1, 1, '2022-04-26 08:15:19', 4),
(871, 29, 2, '2022-04-26 08:15:19', 4),
(872, 102, 3, '2022-04-26 08:15:19', 4),
(873, 7, 1, '2022-04-26 08:15:34', 1),
(874, 70, 2, '2022-04-26 08:15:34', 1),
(875, 111, 3, '2022-04-26 08:15:34', 1),
(876, 26, 1, '2022-04-26 08:15:34', 2),
(877, 91, 2, '2022-04-26 08:15:34', 2),
(878, 672, 3, '2022-04-26 08:15:34', 2),
(879, 2, 1, '2022-04-26 08:15:34', 3),
(880, 44, 2, '2022-04-26 08:15:34', 3),
(881, 58, 3, '2022-04-26 08:15:34', 3),
(882, 1, 1, '2022-04-26 08:15:34', 4),
(883, 66, 2, '2022-04-26 08:15:34', 4),
(884, 874, 3, '2022-04-26 08:15:34', 4),
(885, 12, 1, '2022-04-26 08:15:50', 1),
(886, 23, 2, '2022-04-26 08:15:50', 1),
(887, 692, 3, '2022-04-26 08:15:50', 1),
(888, 32, 1, '2022-04-26 08:15:50', 2),
(889, 10, 2, '2022-04-26 08:15:50', 2),
(890, 458, 3, '2022-04-26 08:15:50', 2),
(891, 16, 1, '2022-04-26 08:15:50', 3),
(892, 85, 2, '2022-04-26 08:15:50', 3),
(893, 607, 3, '2022-04-26 08:15:50', 3),
(894, 25, 1, '2022-04-26 08:15:50', 4),
(895, 30, 2, '2022-04-26 08:15:50', 4),
(896, 597, 3, '2022-04-26 08:15:50', 4),
(897, -7, 1, '2022-04-26 08:16:06', 1),
(898, 33, 2, '2022-04-26 08:16:06', 1),
(899, 101, 3, '2022-04-26 08:16:06', 1),
(900, -6, 1, '2022-04-26 08:16:06', 2),
(901, 44, 2, '2022-04-26 08:16:06', 2),
(902, 117, 3, '2022-04-26 08:16:06', 2),
(903, 34, 1, '2022-04-26 08:16:06', 3),
(904, 76, 2, '2022-04-26 08:16:06', 3),
(905, 128, 3, '2022-04-26 08:16:06', 3),
(906, 26, 1, '2022-04-26 08:16:06', 4),
(907, 5, 2, '2022-04-26 08:16:06', 4),
(908, 740, 3, '2022-04-26 08:16:06', 4),
(909, 34, 1, '2022-04-26 08:16:21', 1),
(910, 83, 2, '2022-04-26 08:16:21', 1),
(911, 620, 3, '2022-04-26 08:16:21', 1),
(912, 27, 1, '2022-04-26 08:16:21', 2),
(913, 22, 2, '2022-04-26 08:16:21', 2),
(914, 882, 3, '2022-04-26 08:16:21', 2),
(915, 2, 1, '2022-04-26 08:16:21', 3),
(916, 15, 2, '2022-04-26 08:16:21', 3),
(917, 230, 3, '2022-04-26 08:16:21', 3),
(918, 37, 1, '2022-04-26 08:16:21', 4),
(919, 16, 2, '2022-04-26 08:16:21', 4),
(920, 351, 3, '2022-04-26 08:16:21', 4),
(921, 7, 1, '2022-04-26 08:16:37', 1),
(922, 1, 2, '2022-04-26 08:16:37', 1),
(923, 713, 3, '2022-04-26 08:16:37', 1),
(924, 36, 1, '2022-04-26 08:16:37', 2),
(925, 98, 2, '2022-04-26 08:16:37', 2),
(926, 426, 3, '2022-04-26 08:16:37', 2),
(927, 12, 1, '2022-04-26 08:16:37', 3),
(928, 96, 2, '2022-04-26 08:16:37', 3),
(929, 674, 3, '2022-04-26 08:16:37', 3),
(930, 14, 1, '2022-04-26 08:16:37', 4),
(931, 95, 2, '2022-04-26 08:16:37', 4),
(932, 851, 3, '2022-04-26 08:16:37', 4),
(933, 3, 1, '2022-04-26 08:16:52', 1),
(934, 78, 2, '2022-04-26 08:16:52', 1),
(935, 118, 3, '2022-04-26 08:16:52', 1),
(936, 34, 1, '2022-04-26 08:16:52', 2),
(937, 19, 2, '2022-04-26 08:16:52', 2),
(938, 589, 3, '2022-04-26 08:16:52', 2),
(939, 12, 1, '2022-04-26 08:16:52', 3),
(940, 12, 2, '2022-04-26 08:16:52', 3),
(941, 620, 3, '2022-04-26 08:16:52', 3),
(942, 12, 1, '2022-04-26 08:16:52', 4),
(943, 0, 2, '2022-04-26 08:16:52', 4),
(944, 855, 3, '2022-04-26 08:16:52', 4),
(945, 16, 1, '2022-04-26 08:17:08', 1),
(946, 78, 2, '2022-04-26 08:17:08', 1),
(947, 447, 3, '2022-04-26 08:17:08', 1),
(948, -2, 1, '2022-04-26 08:17:08', 2),
(949, 0, 2, '2022-04-26 08:17:08', 2),
(950, 833, 3, '2022-04-26 08:17:08', 2),
(951, -7, 1, '2022-04-26 08:17:08', 3),
(952, 40, 2, '2022-04-26 08:17:08', 3),
(953, 190, 3, '2022-04-26 08:17:08', 3),
(954, -2, 1, '2022-04-26 08:17:08', 4),
(955, 70, 2, '2022-04-26 08:17:08', 4),
(956, 411, 3, '2022-04-26 08:17:08', 4),
(957, 32, 1, '2022-04-26 08:17:24', 1),
(958, 77, 2, '2022-04-26 08:17:24', 1),
(959, 636, 3, '2022-04-26 08:17:24', 1),
(960, -5, 1, '2022-04-26 08:17:24', 2),
(961, 77, 2, '2022-04-26 08:17:24', 2),
(962, 760, 3, '2022-04-26 08:17:24', 2),
(963, 30, 1, '2022-04-26 08:17:24', 3),
(964, 4, 2, '2022-04-26 08:17:24', 3),
(965, 195, 3, '2022-04-26 08:17:24', 3),
(966, 6, 1, '2022-04-26 08:17:24', 4),
(967, 19, 2, '2022-04-26 08:17:24', 4),
(968, 603, 3, '2022-04-26 08:17:24', 4),
(969, -8, 1, '2022-04-26 08:17:39', 1),
(970, 27, 2, '2022-04-26 08:17:39', 1),
(971, 297, 3, '2022-04-26 08:17:39', 1),
(972, 31, 1, '2022-04-26 08:17:39', 2),
(973, 12, 2, '2022-04-26 08:17:39', 2),
(974, 334, 3, '2022-04-26 08:17:39', 2),
(975, 12, 1, '2022-04-26 08:17:39', 3),
(976, 67, 2, '2022-04-26 08:17:39', 3),
(977, 604, 3, '2022-04-26 08:17:39', 3),
(978, 22, 1, '2022-04-26 08:17:39', 4),
(979, 61, 2, '2022-04-26 08:17:39', 4),
(980, 697, 3, '2022-04-26 08:17:39', 4),
(981, 23, 1, '2022-04-26 08:17:55', 1),
(982, 59, 2, '2022-04-26 08:17:55', 1),
(983, 835, 3, '2022-04-26 08:17:55', 1),
(984, 20, 1, '2022-04-26 08:17:55', 2),
(985, 100, 2, '2022-04-26 08:17:55', 2),
(986, 728, 3, '2022-04-26 08:17:55', 2),
(987, -8, 1, '2022-04-26 08:17:55', 3),
(988, 18, 2, '2022-04-26 08:17:55', 3),
(989, 183, 3, '2022-04-26 08:17:55', 3),
(990, -13, 1, '2022-04-26 08:17:55', 4),
(991, 88, 2, '2022-04-26 08:17:55', 4),
(992, 736, 3, '2022-04-26 08:17:55', 4),
(993, 9, 1, '2022-04-26 08:18:10', 1),
(994, 69, 2, '2022-04-26 08:18:10', 1),
(995, 534, 3, '2022-04-26 08:18:10', 1),
(996, 3, 1, '2022-04-26 08:18:10', 2),
(997, 21, 2, '2022-04-26 08:18:10', 2),
(998, 406, 3, '2022-04-26 08:18:10', 2),
(999, 24, 1, '2022-04-26 08:18:10', 3),
(1000, 41, 2, '2022-04-26 08:18:10', 3),
(1001, 796, 3, '2022-04-26 08:18:10', 3),
(1002, 30, 1, '2022-04-26 08:18:10', 4),
(1003, 49, 2, '2022-04-26 08:18:10', 4),
(1004, 150, 3, '2022-04-26 08:18:10', 4),
(1005, -8, 1, '2022-04-26 08:18:26', 1),
(1006, 54, 2, '2022-04-26 08:18:26', 1),
(1007, 53, 3, '2022-04-26 08:18:26', 1),
(1008, 1, 1, '2022-04-26 08:18:26', 2),
(1009, 5, 2, '2022-04-26 08:18:26', 2),
(1010, 449, 3, '2022-04-26 08:18:26', 2),
(1011, 17, 1, '2022-04-26 08:18:26', 3),
(1012, 30, 2, '2022-04-26 08:18:26', 3),
(1013, 104, 3, '2022-04-26 08:18:26', 3),
(1014, 9, 1, '2022-04-26 08:18:26', 4),
(1015, 16, 2, '2022-04-26 08:18:26', 4),
(1016, 515, 3, '2022-04-26 08:18:26', 4),
(1017, 10, 1, '2022-04-26 08:18:42', 1),
(1018, 19, 2, '2022-04-26 08:18:42', 1),
(1019, 779, 3, '2022-04-26 08:18:42', 1),
(1020, 20, 1, '2022-04-26 08:18:42', 2),
(1021, 62, 2, '2022-04-26 08:18:42', 2),
(1022, 469, 3, '2022-04-26 08:18:42', 2),
(1023, 35, 1, '2022-04-26 08:18:42', 3),
(1024, 44, 2, '2022-04-26 08:18:42', 3),
(1025, 675, 3, '2022-04-26 08:18:42', 3),
(1026, 8, 1, '2022-04-26 08:18:42', 4),
(1027, 38, 2, '2022-04-26 08:18:42', 4),
(1028, 379, 3, '2022-04-26 08:18:42', 4),
(1029, -5, 1, '2022-04-26 08:18:57', 1),
(1030, 6, 2, '2022-04-26 08:18:57', 1),
(1031, 492, 3, '2022-04-26 08:18:57', 1),
(1032, 21, 1, '2022-04-26 08:18:57', 2),
(1033, 8, 2, '2022-04-26 08:18:57', 2),
(1034, 702, 3, '2022-04-26 08:18:57', 2),
(1035, 34, 1, '2022-04-26 08:18:57', 3),
(1036, 60, 2, '2022-04-26 08:18:57', 3),
(1037, 849, 3, '2022-04-26 08:18:57', 3),
(1038, 29, 1, '2022-04-26 08:18:57', 4),
(1039, 52, 2, '2022-04-26 08:18:57', 4),
(1040, 7, 3, '2022-04-26 08:18:57', 4),
(1041, -11, 1, '2022-04-26 09:30:03', 1),
(1042, 92, 2, '2022-04-26 09:30:03', 1),
(1043, 205, 3, '2022-04-26 09:30:03', 1),
(1044, 7, 1, '2022-04-26 09:30:03', 2),
(1045, 49, 2, '2022-04-26 09:30:03', 2),
(1046, 25, 3, '2022-04-26 09:30:03', 2),
(1047, 40, 1, '2022-04-26 09:30:03', 3),
(1048, 36, 2, '2022-04-26 09:30:03', 3),
(1049, 365, 3, '2022-04-26 09:30:03', 3),
(1050, 4, 1, '2022-04-26 09:30:03', 4),
(1051, 7, 2, '2022-04-26 09:30:03', 4),
(1052, 855, 3, '2022-04-26 09:30:03', 4),
(1053, 36, 1, '2022-04-26 11:59:25', 1),
(1054, 45, 2, '2022-04-26 11:59:25', 1),
(1055, 363, 3, '2022-04-26 11:59:25', 1),
(1056, 22, 1, '2022-04-26 11:59:25', 2),
(1057, 37, 2, '2022-04-26 11:59:25', 2),
(1058, 462, 3, '2022-04-26 11:59:25', 2),
(1059, 17, 1, '2022-04-26 11:59:25', 3),
(1060, 0, 2, '2022-04-26 11:59:25', 3),
(1061, 95, 3, '2022-04-26 11:59:25', 3),
(1062, -10, 1, '2022-04-26 11:59:25', 4),
(1063, 72, 2, '2022-04-26 11:59:25', 4),
(1064, 887, 3, '2022-04-26 11:59:25', 4),
(1065, 7, 1, '2022-04-26 11:59:44', 1),
(1066, 27, 2, '2022-04-26 11:59:44', 1),
(1067, 689, 3, '2022-04-26 11:59:44', 1),
(1068, 11, 1, '2022-04-26 11:59:44', 2),
(1069, 23, 2, '2022-04-26 11:59:44', 2),
(1070, 623, 3, '2022-04-26 11:59:44', 2),
(1071, 33, 1, '2022-04-26 11:59:44', 3),
(1072, 48, 2, '2022-04-26 11:59:44', 3),
(1073, 500, 3, '2022-04-26 11:59:44', 3),
(1074, 24, 1, '2022-04-26 11:59:44', 4),
(1075, 62, 2, '2022-04-26 11:59:44', 4),
(1076, 419, 3, '2022-04-26 11:59:44', 4),
(1077, 19, 1, '2022-04-26 11:59:47', 1),
(1078, 38, 2, '2022-04-26 11:59:47', 1),
(1079, 536, 3, '2022-04-26 11:59:47', 1),
(1080, 13, 1, '2022-04-26 11:59:47', 2),
(1081, 45, 2, '2022-04-26 11:59:47', 2),
(1082, 462, 3, '2022-04-26 11:59:47', 2),
(1083, 6, 1, '2022-04-26 11:59:47', 3),
(1084, 0, 2, '2022-04-26 11:59:47', 3),
(1085, 85, 3, '2022-04-26 11:59:47', 3),
(1086, 25, 1, '2022-04-26 11:59:47', 4),
(1087, 54, 2, '2022-04-26 11:59:47', 4),
(1088, 139, 3, '2022-04-26 11:59:47', 4),
(1089, 29, 1, '2022-04-26 12:00:01', 1),
(1090, 33, 2, '2022-04-26 12:00:01', 1),
(1091, 424, 3, '2022-04-26 12:00:01', 1),
(1092, 0, 1, '2022-04-26 12:00:01', 2),
(1093, 89, 2, '2022-04-26 12:00:01', 2),
(1094, 187, 3, '2022-04-26 12:00:01', 2),
(1095, -14, 1, '2022-04-26 12:00:01', 3),
(1096, 20, 2, '2022-04-26 12:00:01', 3),
(1097, 129, 3, '2022-04-26 12:00:01', 3),
(1098, 27, 1, '2022-04-26 12:00:01', 4),
(1099, 56, 2, '2022-04-26 12:00:01', 4),
(1100, 521, 3, '2022-04-26 12:00:01', 4),
(1101, 4, 1, '2022-04-26 12:00:17', 1),
(1102, 73, 2, '2022-04-26 12:00:17', 1),
(1103, 342, 3, '2022-04-26 12:00:17', 1),
(1104, 21, 1, '2022-04-26 12:00:17', 2),
(1105, 61, 2, '2022-04-26 12:00:17', 2),
(1106, 376, 3, '2022-04-26 12:00:17', 2),
(1107, -9, 1, '2022-04-26 12:00:17', 3),
(1108, 78, 2, '2022-04-26 12:00:17', 3),
(1109, 446, 3, '2022-04-26 12:00:17', 3),
(1110, 40, 1, '2022-04-26 12:00:17', 4),
(1111, 24, 2, '2022-04-26 12:00:17', 4),
(1112, 785, 3, '2022-04-26 12:00:17', 4),
(1113, 21, 1, '2022-04-26 12:00:33', 1),
(1114, 29, 2, '2022-04-26 12:00:33', 1),
(1115, 821, 3, '2022-04-26 12:00:33', 1),
(1116, 18, 1, '2022-04-26 12:00:33', 2),
(1117, 6, 2, '2022-04-26 12:00:33', 2),
(1118, 456, 3, '2022-04-26 12:00:33', 2),
(1119, 24, 1, '2022-04-26 12:00:33', 3),
(1120, 92, 2, '2022-04-26 12:00:33', 3),
(1121, 671, 3, '2022-04-26 12:00:33', 3),
(1122, 10, 1, '2022-04-26 12:00:33', 4),
(1123, 33, 2, '2022-04-26 12:00:33', 4),
(1124, 896, 3, '2022-04-26 12:00:33', 4),
(1125, 34, 1, '2022-04-26 12:02:17', 1),
(1126, 6, 2, '2022-04-26 12:02:17', 1),
(1127, 220, 3, '2022-04-26 12:02:17', 1),
(1128, -13, 1, '2022-04-26 12:02:17', 2),
(1129, 1, 2, '2022-04-26 12:02:17', 2),
(1130, 835, 3, '2022-04-26 12:02:17', 2),
(1131, 16, 1, '2022-04-26 12:02:17', 3),
(1132, 49, 2, '2022-04-26 12:02:17', 3),
(1133, 255, 3, '2022-04-26 12:02:17', 3),
(1134, 37, 1, '2022-04-26 12:02:17', 4),
(1135, 3, 2, '2022-04-26 12:02:17', 4),
(1136, 520, 3, '2022-04-26 12:02:17', 4),
(1137, 34, 1, '2022-04-26 12:02:33', 1),
(1138, 47, 2, '2022-04-26 12:02:33', 1),
(1139, 845, 3, '2022-04-26 12:02:33', 1),
(1140, -10, 1, '2022-04-26 12:02:33', 2),
(1141, 37, 2, '2022-04-26 12:02:33', 2),
(1142, 688, 3, '2022-04-26 12:02:33', 2),
(1143, 5, 1, '2022-04-26 12:02:33', 3),
(1144, 61, 2, '2022-04-26 12:02:33', 3),
(1145, 342, 3, '2022-04-26 12:02:33', 3),
(1146, 8, 1, '2022-04-26 12:02:33', 4),
(1147, 16, 2, '2022-04-26 12:02:33', 4),
(1148, 181, 3, '2022-04-26 12:02:33', 4),
(1149, -1, 1, '2022-04-26 12:02:49', 1),
(1150, 74, 2, '2022-04-26 12:02:49', 1),
(1151, 138, 3, '2022-04-26 12:02:49', 1),
(1152, 36, 1, '2022-04-26 12:02:49', 2),
(1153, 82, 2, '2022-04-26 12:02:49', 2),
(1154, 713, 3, '2022-04-26 12:02:49', 2),
(1155, 4, 1, '2022-04-26 12:02:49', 3),
(1156, 59, 2, '2022-04-26 12:02:49', 3),
(1157, 474, 3, '2022-04-26 12:02:49', 3),
(1158, 14, 1, '2022-04-26 12:02:49', 4),
(1159, 89, 2, '2022-04-26 12:02:49', 4),
(1160, 268, 3, '2022-04-26 12:02:49', 4),
(1161, 36, 1, '2022-04-26 12:03:04', 1),
(1162, 72, 2, '2022-04-26 12:03:04', 1),
(1163, 188, 3, '2022-04-26 12:03:04', 1),
(1164, 27, 1, '2022-04-26 12:03:04', 2),
(1165, 62, 2, '2022-04-26 12:03:04', 2),
(1166, 76, 3, '2022-04-26 12:03:04', 2),
(1167, -7, 1, '2022-04-26 12:03:04', 3),
(1168, 16, 2, '2022-04-26 12:03:04', 3),
(1169, 775, 3, '2022-04-26 12:03:04', 3),
(1170, 20, 1, '2022-04-26 12:03:04', 4),
(1171, 63, 2, '2022-04-26 12:03:04', 4),
(1172, 834, 3, '2022-04-26 12:03:04', 4),
(1173, 18, 1, '2022-04-26 12:03:20', 1),
(1174, 76, 2, '2022-04-26 12:03:20', 1),
(1175, 606, 3, '2022-04-26 12:03:20', 1),
(1176, -10, 1, '2022-04-26 12:03:20', 2),
(1177, 58, 2, '2022-04-26 12:03:20', 2),
(1178, 687, 3, '2022-04-26 12:03:20', 2),
(1179, 1, 1, '2022-04-26 12:03:20', 3),
(1180, 96, 2, '2022-04-26 12:03:20', 3),
(1181, 272, 3, '2022-04-26 12:03:20', 3),
(1182, -12, 1, '2022-04-26 12:03:20', 4),
(1183, 52, 2, '2022-04-26 12:03:20', 4),
(1184, 853, 3, '2022-04-26 12:03:20', 4),
(1185, 27, 1, '2022-04-26 12:03:36', 1),
(1186, 66, 2, '2022-04-26 12:03:36', 1),
(1187, 150, 3, '2022-04-26 12:03:36', 1),
(1188, 24, 1, '2022-04-26 12:03:36', 2),
(1189, 37, 2, '2022-04-26 12:03:36', 2),
(1190, 665, 3, '2022-04-26 12:03:36', 2),
(1191, 32, 1, '2022-04-26 12:03:36', 3),
(1192, 36, 2, '2022-04-26 12:03:36', 3),
(1193, 203, 3, '2022-04-26 12:03:36', 3),
(1194, 34, 1, '2022-04-26 12:03:36', 4),
(1195, 11, 2, '2022-04-26 12:03:36', 4),
(1196, 480, 3, '2022-04-26 12:03:36', 4),
(1197, -14, 1, '2022-04-26 12:03:51', 1),
(1198, 33, 2, '2022-04-26 12:03:51', 1),
(1199, 631, 3, '2022-04-26 12:03:51', 1),
(1200, 11, 1, '2022-04-26 12:03:51', 2),
(1201, 91, 2, '2022-04-26 12:03:51', 2),
(1202, 867, 3, '2022-04-26 12:03:51', 2),
(1203, -12, 1, '2022-04-26 12:03:51', 3),
(1204, 94, 2, '2022-04-26 12:03:51', 3),
(1205, 804, 3, '2022-04-26 12:03:51', 3),
(1206, 26, 1, '2022-04-26 12:03:51', 4),
(1207, 2, 2, '2022-04-26 12:03:51', 4),
(1208, 553, 3, '2022-04-26 12:03:52', 4),
(1209, 34, 1, '2022-04-26 12:09:57', 1),
(1210, 67, 2, '2022-04-26 12:09:57', 1),
(1211, 208, 3, '2022-04-26 12:09:57', 1),
(1212, -15, 1, '2022-04-26 12:09:57', 2),
(1213, 5, 2, '2022-04-26 12:09:57', 2),
(1214, 431, 3, '2022-04-26 12:09:57', 2),
(1215, 5, 1, '2022-04-26 12:09:57', 3),
(1216, 15, 2, '2022-04-26 12:09:57', 3),
(1217, 488, 3, '2022-04-26 12:09:57', 3),
(1218, 18, 1, '2022-04-26 12:09:57', 4),
(1219, 12, 2, '2022-04-26 12:09:57', 4),
(1220, 738, 3, '2022-04-26 12:09:57', 4),
(1221, 22, 1, '2022-04-26 12:36:53', 1),
(1222, 3, 2, '2022-04-26 12:36:53', 1),
(1223, 160, 3, '2022-04-26 12:36:53', 1),
(1224, 36, 1, '2022-04-26 12:36:53', 2),
(1225, 95, 2, '2022-04-26 12:36:53', 2),
(1226, 567, 3, '2022-04-26 12:36:53', 2),
(1227, 27, 1, '2022-04-26 12:36:53', 3),
(1228, 72, 2, '2022-04-26 12:36:53', 3),
(1229, 291, 3, '2022-04-26 12:36:53', 3),
(1230, -2, 1, '2022-04-26 12:36:53', 4),
(1231, 86, 2, '2022-04-26 12:36:53', 4),
(1232, 505, 3, '2022-04-26 12:36:53', 4),
(1233, 26, 1, '2022-04-26 12:37:09', 1),
(1234, 94, 2, '2022-04-26 12:37:09', 1),
(1235, 493, 3, '2022-04-26 12:37:09', 1),
(1236, -8, 1, '2022-04-26 12:37:09', 2),
(1237, 22, 2, '2022-04-26 12:37:09', 2),
(1238, 578, 3, '2022-04-26 12:37:09', 2),
(1239, 30, 1, '2022-04-26 12:37:09', 3),
(1240, 17, 2, '2022-04-26 12:37:09', 3),
(1241, 211, 3, '2022-04-26 12:37:09', 3),
(1242, 33, 1, '2022-04-26 12:37:09', 4),
(1243, 62, 2, '2022-04-26 12:37:09', 4),
(1244, 568, 3, '2022-04-26 12:37:09', 4),
(1245, -1, 1, '2022-04-26 12:37:24', 1),
(1246, 58, 2, '2022-04-26 12:37:24', 1),
(1247, 449, 3, '2022-04-26 12:37:24', 1),
(1248, 36, 1, '2022-04-26 12:37:24', 2),
(1249, 76, 2, '2022-04-26 12:37:24', 2),
(1250, 154, 3, '2022-04-26 12:37:24', 2),
(1251, -6, 1, '2022-04-26 12:37:24', 3),
(1252, 69, 2, '2022-04-26 12:37:24', 3),
(1253, 741, 3, '2022-04-26 12:37:24', 3),
(1254, 9, 1, '2022-04-26 12:37:24', 4),
(1255, 49, 2, '2022-04-26 12:37:24', 4),
(1256, 398, 3, '2022-04-26 12:37:24', 4),
(1257, -14, 1, '2022-04-26 12:37:40', 1),
(1258, 58, 2, '2022-04-26 12:37:40', 1),
(1259, 480, 3, '2022-04-26 12:37:40', 1),
(1260, 32, 1, '2022-04-26 12:37:40', 2),
(1261, 21, 2, '2022-04-26 12:37:40', 2),
(1262, 304, 3, '2022-04-26 12:37:40', 2),
(1263, 18, 1, '2022-04-26 12:37:40', 3),
(1264, 91, 2, '2022-04-26 12:37:40', 3),
(1265, 524, 3, '2022-04-26 12:37:40', 3),
(1266, 0, 1, '2022-04-26 12:37:40', 4),
(1267, 10, 2, '2022-04-26 12:37:40', 4),
(1268, 183, 3, '2022-04-26 12:37:40', 4),
(1269, 34, 1, '2022-04-26 12:37:55', 1),
(1270, 92, 2, '2022-04-26 12:37:55', 1),
(1271, 823, 3, '2022-04-26 12:37:55', 1),
(1272, 29, 1, '2022-04-26 12:37:55', 2),
(1273, 24, 2, '2022-04-26 12:37:55', 2),
(1274, 565, 3, '2022-04-26 12:37:55', 2),
(1275, -8, 1, '2022-04-26 12:37:55', 3),
(1276, 36, 2, '2022-04-26 12:37:55', 3),
(1277, 896, 3, '2022-04-26 12:37:55', 3),
(1278, 27, 1, '2022-04-26 12:37:55', 4),
(1279, 26, 2, '2022-04-26 12:37:55', 4),
(1280, 893, 3, '2022-04-26 12:37:55', 4),
(1281, 28, 1, '2022-04-26 12:38:11', 1),
(1282, 68, 2, '2022-04-26 12:38:11', 1),
(1283, 829, 3, '2022-04-26 12:38:11', 1),
(1284, -15, 1, '2022-04-26 12:38:11', 2),
(1285, 37, 2, '2022-04-26 12:38:11', 2),
(1286, 621, 3, '2022-04-26 12:38:11', 2),
(1287, 0, 1, '2022-04-26 12:38:11', 3),
(1288, 93, 2, '2022-04-26 12:38:11', 3),
(1289, 465, 3, '2022-04-26 12:38:11', 3),
(1290, -15, 1, '2022-04-26 12:38:11', 4),
(1291, 61, 2, '2022-04-26 12:38:11', 4),
(1292, 383, 3, '2022-04-26 12:38:11', 4),
(1293, 10, 1, '2022-04-26 12:38:26', 1),
(1294, 66, 2, '2022-04-26 12:38:26', 1),
(1295, 389, 3, '2022-04-26 12:38:26', 1),
(1296, -3, 1, '2022-04-26 12:38:26', 2),
(1297, 90, 2, '2022-04-26 12:38:26', 2),
(1298, 226, 3, '2022-04-26 12:38:26', 2),
(1299, 0, 1, '2022-04-26 12:38:26', 3),
(1300, 21, 2, '2022-04-26 12:38:26', 3);
INSERT INTO `mesure` (`idMesure`, `taux`, `typeData`, `date_`, `idLocal`) VALUES
(1301, 166, 3, '2022-04-26 12:38:26', 3),
(1302, -7, 1, '2022-04-26 12:38:26', 4),
(1303, 84, 2, '2022-04-26 12:38:26', 4),
(1304, 868, 3, '2022-04-26 12:38:26', 4),
(1305, 29, 1, '2022-04-26 12:38:41', 1),
(1306, 23, 2, '2022-04-26 12:38:41', 1),
(1307, 848, 3, '2022-04-26 12:38:41', 1),
(1308, -1, 1, '2022-04-26 12:38:41', 2),
(1309, 85, 2, '2022-04-26 12:38:41', 2),
(1310, 238, 3, '2022-04-26 12:38:41', 2),
(1311, 5, 1, '2022-04-26 12:38:41', 3),
(1312, 38, 2, '2022-04-26 12:38:41', 3),
(1313, 693, 3, '2022-04-26 12:38:41', 3),
(1314, 32, 1, '2022-04-26 12:38:41', 4),
(1315, 46, 2, '2022-04-26 12:38:41', 4),
(1316, 610, 3, '2022-04-26 12:38:41', 4),
(1317, 26, 1, '2022-04-26 12:38:57', 1),
(1318, 35, 2, '2022-04-26 12:38:57', 1),
(1319, 475, 3, '2022-04-26 12:38:57', 1),
(1320, -12, 1, '2022-04-26 12:38:57', 2),
(1321, 77, 2, '2022-04-26 12:38:57', 2),
(1322, 107, 3, '2022-04-26 12:38:57', 2),
(1323, 17, 1, '2022-04-26 12:38:57', 3),
(1324, 64, 2, '2022-04-26 12:38:57', 3),
(1325, 604, 3, '2022-04-26 12:38:57', 3),
(1326, 15, 1, '2022-04-26 12:38:57', 4),
(1327, 82, 2, '2022-04-26 12:38:57', 4),
(1328, 498, 3, '2022-04-26 12:38:57', 4),
(1329, 20, 1, '2022-04-26 12:39:12', 1),
(1330, 47, 2, '2022-04-26 12:39:12', 1),
(1331, 752, 3, '2022-04-26 12:39:12', 1),
(1332, 28, 1, '2022-04-26 12:39:12', 2),
(1333, 1, 2, '2022-04-26 12:39:12', 2),
(1334, 889, 3, '2022-04-26 12:39:12', 2),
(1335, 26, 1, '2022-04-26 12:39:12', 3),
(1336, 45, 2, '2022-04-26 12:39:12', 3),
(1337, 325, 3, '2022-04-26 12:39:12', 3),
(1338, 0, 1, '2022-04-26 12:39:12', 4),
(1339, 44, 2, '2022-04-26 12:39:12', 4),
(1340, 105, 3, '2022-04-26 12:39:12', 4),
(1341, 18, 1, '2022-04-26 12:39:27', 1),
(1342, 99, 2, '2022-04-26 12:39:27', 1),
(1343, 770, 3, '2022-04-26 12:39:27', 1),
(1344, 20, 1, '2022-04-26 12:39:27', 2),
(1345, 19, 2, '2022-04-26 12:39:27', 2),
(1346, 606, 3, '2022-04-26 12:39:27', 2),
(1347, 9, 1, '2022-04-26 12:39:27', 3),
(1348, 99, 2, '2022-04-26 12:39:27', 3),
(1349, 124, 3, '2022-04-26 12:39:27', 3),
(1350, -3, 1, '2022-04-26 12:39:27', 4),
(1351, 37, 2, '2022-04-26 12:39:27', 4),
(1352, 368, 3, '2022-04-26 12:39:27', 4),
(1353, 11, 1, '2022-04-26 12:39:42', 1),
(1354, 64, 2, '2022-04-26 12:39:42', 1),
(1355, 231, 3, '2022-04-26 12:39:42', 1),
(1356, 18, 1, '2022-04-26 12:39:42', 2),
(1357, 34, 2, '2022-04-26 12:39:42', 2),
(1358, 744, 3, '2022-04-26 12:39:42', 2),
(1359, 19, 1, '2022-04-26 12:39:42', 3),
(1360, 60, 2, '2022-04-26 12:39:42', 3),
(1361, 480, 3, '2022-04-26 12:39:42', 3),
(1362, 3, 1, '2022-04-26 12:39:42', 4),
(1363, 98, 2, '2022-04-26 12:39:42', 4),
(1364, 893, 3, '2022-04-26 12:39:42', 4),
(1365, 23, 1, '2022-04-26 12:39:58', 1),
(1366, 85, 2, '2022-04-26 12:39:58', 1),
(1367, 122, 3, '2022-04-26 12:39:58', 1),
(1368, 34, 1, '2022-04-26 12:39:58', 2),
(1369, 22, 2, '2022-04-26 12:39:58', 2),
(1370, 50, 3, '2022-04-26 12:39:58', 2),
(1371, 27, 1, '2022-04-26 12:39:58', 3),
(1372, 12, 2, '2022-04-26 12:39:58', 3),
(1373, 291, 3, '2022-04-26 12:39:58', 3),
(1374, 22, 1, '2022-04-26 12:39:58', 4),
(1375, 81, 2, '2022-04-26 12:39:58', 4),
(1376, 637, 3, '2022-04-26 12:39:58', 4),
(1377, 3, 1, '2022-04-26 12:40:13', 1),
(1378, 2, 2, '2022-04-26 12:40:13', 1),
(1379, 561, 3, '2022-04-26 12:40:13', 1),
(1380, 21, 1, '2022-04-26 12:40:13', 2),
(1381, 22, 2, '2022-04-26 12:40:13', 2),
(1382, 539, 3, '2022-04-26 12:40:13', 2),
(1383, -5, 1, '2022-04-26 12:40:13', 3),
(1384, 75, 2, '2022-04-26 12:40:13', 3),
(1385, 633, 3, '2022-04-26 12:40:13', 3),
(1386, 7, 1, '2022-04-26 12:40:13', 4),
(1387, 59, 2, '2022-04-26 12:40:13', 4),
(1388, 291, 3, '2022-04-26 12:40:13', 4),
(1389, 33, 1, '2022-04-26 12:40:28', 1),
(1390, 53, 2, '2022-04-26 12:40:28', 1),
(1391, 685, 3, '2022-04-26 12:40:28', 1),
(1392, 28, 1, '2022-04-26 12:40:28', 2),
(1393, 32, 2, '2022-04-26 12:40:28', 2),
(1394, 654, 3, '2022-04-26 12:40:28', 2),
(1395, 9, 1, '2022-04-26 12:40:28', 3),
(1396, 84, 2, '2022-04-26 12:40:28', 3),
(1397, 638, 3, '2022-04-26 12:40:28', 3),
(1398, -4, 1, '2022-04-26 12:40:28', 4),
(1399, 28, 2, '2022-04-26 12:40:28', 4),
(1400, 100, 3, '2022-04-26 12:40:28', 4),
(1401, 6, 1, '2022-04-26 12:40:43', 1),
(1402, 30, 2, '2022-04-26 12:40:43', 1),
(1403, 590, 3, '2022-04-26 12:40:43', 1),
(1404, 17, 1, '2022-04-26 12:40:43', 2),
(1405, 18, 2, '2022-04-26 12:40:43', 2),
(1406, 853, 3, '2022-04-26 12:40:43', 2),
(1407, -9, 1, '2022-04-26 12:40:43', 3),
(1408, 63, 2, '2022-04-26 12:40:43', 3),
(1409, 391, 3, '2022-04-26 12:40:43', 3),
(1410, 4, 1, '2022-04-26 12:40:43', 4),
(1411, 23, 2, '2022-04-26 12:40:43', 4),
(1412, 425, 3, '2022-04-26 12:40:43', 4),
(1413, 16, 1, '2022-04-26 12:40:59', 1),
(1414, 12, 2, '2022-04-26 12:40:59', 1),
(1415, 715, 3, '2022-04-26 12:40:59', 1),
(1416, 38, 1, '2022-04-26 12:40:59', 2),
(1417, 35, 2, '2022-04-26 12:40:59', 2),
(1418, 27, 3, '2022-04-26 12:40:59', 2),
(1419, -3, 1, '2022-04-26 12:40:59', 3),
(1420, 59, 2, '2022-04-26 12:40:59', 3),
(1421, 422, 3, '2022-04-26 12:40:59', 3),
(1422, 40, 1, '2022-04-26 12:40:59', 4),
(1423, 43, 2, '2022-04-26 12:40:59', 4),
(1424, 236, 3, '2022-04-26 12:40:59', 4),
(1425, 8, 1, '2022-04-26 12:41:14', 1),
(1426, 91, 2, '2022-04-26 12:41:14', 1),
(1427, 107, 3, '2022-04-26 12:41:14', 1),
(1428, 27, 1, '2022-04-26 12:41:14', 2),
(1429, 29, 2, '2022-04-26 12:41:14', 2),
(1430, 283, 3, '2022-04-26 12:41:14', 2),
(1431, 7, 1, '2022-04-26 12:41:14', 3),
(1432, 7, 2, '2022-04-26 12:41:14', 3),
(1433, 187, 3, '2022-04-26 12:41:14', 3),
(1434, -1, 1, '2022-04-26 12:41:14', 4),
(1435, 23, 2, '2022-04-26 12:41:14', 4),
(1436, 863, 3, '2022-04-26 12:41:14', 4),
(1437, 21, 1, '2022-04-26 12:41:29', 1),
(1438, 28, 2, '2022-04-26 12:41:29', 1),
(1439, 654, 3, '2022-04-26 12:41:29', 1),
(1440, 14, 1, '2022-04-26 12:41:29', 2),
(1441, 10, 2, '2022-04-26 12:41:29', 2),
(1442, 551, 3, '2022-04-26 12:41:29', 2),
(1443, -13, 1, '2022-04-26 12:41:29', 3),
(1444, 88, 2, '2022-04-26 12:41:29', 3),
(1445, 474, 3, '2022-04-26 12:41:29', 3),
(1446, 7, 1, '2022-04-26 12:41:29', 4),
(1447, 74, 2, '2022-04-26 12:41:29', 4),
(1448, 541, 3, '2022-04-26 12:41:29', 4),
(1449, 4, 1, '2022-04-26 12:41:44', 1),
(1450, 90, 2, '2022-04-26 12:41:44', 1),
(1451, 299, 3, '2022-04-26 12:41:44', 1),
(1452, -9, 1, '2022-04-26 12:41:44', 2),
(1453, 28, 2, '2022-04-26 12:41:44', 2),
(1454, 434, 3, '2022-04-26 12:41:44', 2),
(1455, -12, 1, '2022-04-26 12:41:44', 3),
(1456, 1, 2, '2022-04-26 12:41:44', 3),
(1457, 496, 3, '2022-04-26 12:41:44', 3),
(1458, -2, 1, '2022-04-26 12:41:44', 4),
(1459, 91, 2, '2022-04-26 12:41:44', 4),
(1460, 721, 3, '2022-04-26 12:41:44', 4),
(1461, -4, 1, '2022-04-26 12:41:59', 1),
(1462, 91, 2, '2022-04-26 12:42:00', 1),
(1463, 527, 3, '2022-04-26 12:42:00', 1),
(1464, -10, 1, '2022-04-26 12:42:00', 2),
(1465, 80, 2, '2022-04-26 12:42:00', 2),
(1466, 729, 3, '2022-04-26 12:42:00', 2),
(1467, 34, 1, '2022-04-26 12:42:00', 3),
(1468, 17, 2, '2022-04-26 12:42:00', 3),
(1469, 187, 3, '2022-04-26 12:42:00', 3),
(1470, 3, 1, '2022-04-26 12:42:00', 4),
(1471, 81, 2, '2022-04-26 12:42:00', 4),
(1472, 440, 3, '2022-04-26 12:42:00', 4),
(1473, 24, 1, '2022-04-26 12:42:15', 1),
(1474, 92, 2, '2022-04-26 12:42:15', 1),
(1475, 656, 3, '2022-04-26 12:42:15', 1),
(1476, 37, 1, '2022-04-26 12:42:15', 2),
(1477, 11, 2, '2022-04-26 12:42:15', 2),
(1478, 159, 3, '2022-04-26 12:42:15', 2),
(1479, -13, 1, '2022-04-26 12:42:15', 3),
(1480, 50, 2, '2022-04-26 12:42:15', 3),
(1481, 678, 3, '2022-04-26 12:42:15', 3),
(1482, 30, 1, '2022-04-26 12:42:15', 4),
(1483, 59, 2, '2022-04-26 12:42:15', 4),
(1484, 845, 3, '2022-04-26 12:42:15', 4),
(1485, -4, 1, '2022-04-26 12:42:30', 1),
(1486, 92, 2, '2022-04-26 12:42:30', 1),
(1487, 831, 3, '2022-04-26 12:42:30', 1),
(1488, 6, 1, '2022-04-26 12:42:30', 2),
(1489, 15, 2, '2022-04-26 12:42:30', 2),
(1490, 850, 3, '2022-04-26 12:42:30', 2),
(1491, -14, 1, '2022-04-26 12:42:30', 3),
(1492, 27, 2, '2022-04-26 12:42:30', 3),
(1493, 256, 3, '2022-04-26 12:42:30', 3),
(1494, 31, 1, '2022-04-26 12:42:30', 4),
(1495, 3, 2, '2022-04-26 12:42:30', 4),
(1496, 241, 3, '2022-04-26 12:42:30', 4),
(1497, -10, 1, '2022-04-26 12:42:45', 1),
(1498, 57, 2, '2022-04-26 12:42:45', 1),
(1499, 867, 3, '2022-04-26 12:42:45', 1),
(1500, -14, 1, '2022-04-26 12:42:45', 2),
(1501, 55, 2, '2022-04-26 12:42:45', 2),
(1502, 472, 3, '2022-04-26 12:42:45', 2),
(1503, 27, 1, '2022-04-26 12:42:45', 3),
(1504, 5, 2, '2022-04-26 12:42:45', 3),
(1505, 196, 3, '2022-04-26 12:42:45', 3),
(1506, -15, 1, '2022-04-26 12:42:45', 4),
(1507, 92, 2, '2022-04-26 12:42:45', 4),
(1508, 318, 3, '2022-04-26 12:42:45', 4),
(1509, 8, 1, '2022-04-26 12:43:00', 1),
(1510, 52, 2, '2022-04-26 12:43:00', 1),
(1511, 745, 3, '2022-04-26 12:43:00', 1),
(1512, 39, 1, '2022-04-26 12:43:00', 2),
(1513, 30, 2, '2022-04-26 12:43:00', 2),
(1514, 118, 3, '2022-04-26 12:43:00', 2),
(1515, -12, 1, '2022-04-26 12:43:00', 3),
(1516, 77, 2, '2022-04-26 12:43:00', 3),
(1517, 666, 3, '2022-04-26 12:43:00', 3),
(1518, 1, 1, '2022-04-26 12:43:00', 4),
(1519, 7, 2, '2022-04-26 12:43:00', 4),
(1520, 219, 3, '2022-04-26 12:43:00', 4),
(1521, -4, 1, '2022-04-26 12:43:16', 1),
(1522, 50, 2, '2022-04-26 12:43:16', 1),
(1523, 521, 3, '2022-04-26 12:43:16', 1),
(1524, 8, 1, '2022-04-26 12:43:16', 2),
(1525, 65, 2, '2022-04-26 12:43:16', 2),
(1526, 297, 3, '2022-04-26 12:43:16', 2),
(1527, 23, 1, '2022-04-26 12:43:16', 3),
(1528, 16, 2, '2022-04-26 12:43:16', 3),
(1529, 235, 3, '2022-04-26 12:43:16', 3),
(1530, -8, 1, '2022-04-26 12:43:16', 4),
(1531, 25, 2, '2022-04-26 12:43:16', 4),
(1532, 64, 3, '2022-04-26 12:43:16', 4),
(1533, 24, 1, '2022-04-26 12:43:31', 1),
(1534, 91, 2, '2022-04-26 12:43:31', 1),
(1535, 665, 3, '2022-04-26 12:43:31', 1),
(1536, 22, 1, '2022-04-26 12:43:31', 2),
(1537, 74, 2, '2022-04-26 12:43:31', 2),
(1538, 19, 3, '2022-04-26 12:43:31', 2),
(1539, 12, 1, '2022-04-26 12:43:31', 3),
(1540, 16, 2, '2022-04-26 12:43:31', 3),
(1541, 644, 3, '2022-04-26 12:43:31', 3),
(1542, 9, 1, '2022-04-26 12:43:31', 4),
(1543, 9, 2, '2022-04-26 12:43:31', 4),
(1544, 353, 3, '2022-04-26 12:43:31', 4),
(1545, 35, 1, '2022-04-26 12:43:46', 1),
(1546, 91, 2, '2022-04-26 12:43:46', 1),
(1547, 629, 3, '2022-04-26 12:43:46', 1),
(1548, 36, 1, '2022-04-26 12:43:46', 2),
(1549, 28, 2, '2022-04-26 12:43:46', 2),
(1550, 515, 3, '2022-04-26 12:43:46', 2),
(1551, 36, 1, '2022-04-26 12:43:46', 3),
(1552, 91, 2, '2022-04-26 12:43:46', 3),
(1553, 840, 3, '2022-04-26 12:43:46', 3),
(1554, -12, 1, '2022-04-26 12:43:46', 4),
(1555, 82, 2, '2022-04-26 12:43:46', 4),
(1556, 306, 3, '2022-04-26 12:43:46', 4),
(1557, 15, 1, '2022-04-26 12:44:01', 1),
(1558, 100, 2, '2022-04-26 12:44:01', 1),
(1559, 165, 3, '2022-04-26 12:44:01', 1),
(1560, 21, 1, '2022-04-26 12:44:01', 2),
(1561, 34, 2, '2022-04-26 12:44:01', 2),
(1562, 178, 3, '2022-04-26 12:44:01', 2),
(1563, 24, 1, '2022-04-26 12:44:01', 3),
(1564, 71, 2, '2022-04-26 12:44:01', 3),
(1565, 126, 3, '2022-04-26 12:44:01', 3),
(1566, 21, 1, '2022-04-26 12:44:01', 4),
(1567, 98, 2, '2022-04-26 12:44:01', 4),
(1568, 343, 3, '2022-04-26 12:44:01', 4),
(1569, 4, 1, '2022-04-26 12:44:17', 1),
(1570, 7, 2, '2022-04-26 12:44:17', 1),
(1571, 830, 3, '2022-04-26 12:44:17', 1),
(1572, 19, 1, '2022-04-26 12:44:17', 2),
(1573, 5, 2, '2022-04-26 12:44:17', 2),
(1574, 24, 3, '2022-04-26 12:44:17', 2),
(1575, 9, 1, '2022-04-26 12:44:17', 3),
(1576, 78, 2, '2022-04-26 12:44:17', 3),
(1577, 113, 3, '2022-04-26 12:44:17', 3),
(1578, 13, 1, '2022-04-26 12:44:17', 4),
(1579, 38, 2, '2022-04-26 12:44:17', 4),
(1580, 794, 3, '2022-04-26 12:44:17', 4),
(1581, 15, 1, '2022-04-26 12:44:32', 1),
(1582, 18, 2, '2022-04-26 12:44:32', 1),
(1583, 656, 3, '2022-04-26 12:44:32', 1),
(1584, 26, 1, '2022-04-26 12:44:32', 2),
(1585, 63, 2, '2022-04-26 12:44:32', 2),
(1586, 840, 3, '2022-04-26 12:44:32', 2),
(1587, 4, 1, '2022-04-26 12:44:32', 3),
(1588, 58, 2, '2022-04-26 12:44:32', 3),
(1589, 881, 3, '2022-04-26 12:44:32', 3),
(1590, 29, 1, '2022-04-26 12:44:32', 4),
(1591, 79, 2, '2022-04-26 12:44:32', 4),
(1592, 536, 3, '2022-04-26 12:44:32', 4),
(1593, -13, 1, '2022-04-26 12:44:47', 1),
(1594, 92, 2, '2022-04-26 12:44:47', 1),
(1595, 108, 3, '2022-04-26 12:44:47', 1),
(1596, -2, 1, '2022-04-26 12:44:47', 2),
(1597, 22, 2, '2022-04-26 12:44:47', 2),
(1598, 537, 3, '2022-04-26 12:44:47', 2),
(1599, 35, 1, '2022-04-26 12:44:47', 3),
(1600, 27, 2, '2022-04-26 12:44:47', 3),
(1601, 313, 3, '2022-04-26 12:44:47', 3),
(1602, -9, 1, '2022-04-26 12:44:47', 4),
(1603, 67, 2, '2022-04-26 12:44:47', 4),
(1604, 779, 3, '2022-04-26 12:44:47', 4),
(1605, -5, 1, '2022-04-26 12:45:02', 1),
(1606, 6, 2, '2022-04-26 12:45:02', 1),
(1607, 445, 3, '2022-04-26 12:45:02', 1),
(1608, -12, 1, '2022-04-26 12:45:02', 2),
(1609, 30, 2, '2022-04-26 12:45:02', 2),
(1610, 766, 3, '2022-04-26 12:45:02', 2),
(1611, -15, 1, '2022-04-26 12:45:02', 3),
(1612, 77, 2, '2022-04-26 12:45:02', 3),
(1613, 586, 3, '2022-04-26 12:45:02', 3),
(1614, 38, 1, '2022-04-26 12:45:02', 4),
(1615, 87, 2, '2022-04-26 12:45:02', 4),
(1616, 166, 3, '2022-04-26 12:45:02', 4),
(1617, -14, 1, '2022-04-26 12:45:17', 1),
(1618, 31, 2, '2022-04-26 12:45:17', 1),
(1619, 804, 3, '2022-04-26 12:45:17', 1),
(1620, 1, 1, '2022-04-26 12:45:17', 2),
(1621, 78, 2, '2022-04-26 12:45:17', 2),
(1622, 324, 3, '2022-04-26 12:45:17', 2),
(1623, 17, 1, '2022-04-26 12:45:17', 3),
(1624, 80, 2, '2022-04-26 12:45:17', 3),
(1625, 358, 3, '2022-04-26 12:45:17', 3),
(1626, 30, 1, '2022-04-26 12:45:17', 4),
(1627, 58, 2, '2022-04-26 12:45:17', 4),
(1628, 777, 3, '2022-04-26 12:45:17', 4),
(1629, 12, 1, '2022-04-26 12:45:33', 1),
(1630, 78, 2, '2022-04-26 12:45:33', 1),
(1631, 228, 3, '2022-04-26 12:45:33', 1),
(1632, 34, 1, '2022-04-26 12:45:33', 2),
(1633, 36, 2, '2022-04-26 12:45:33', 2),
(1634, 829, 3, '2022-04-26 12:45:33', 2),
(1635, -14, 1, '2022-04-26 12:45:33', 3),
(1636, 19, 2, '2022-04-26 12:45:33', 3),
(1637, 702, 3, '2022-04-26 12:45:33', 3),
(1638, 29, 1, '2022-04-26 12:45:33', 4),
(1639, 95, 2, '2022-04-26 12:45:33', 4),
(1640, 399, 3, '2022-04-26 12:45:33', 4),
(1641, 20, 1, '2022-04-26 12:45:48', 1),
(1642, 49, 2, '2022-04-26 12:45:48', 1),
(1643, 277, 3, '2022-04-26 12:45:48', 1),
(1644, 5, 1, '2022-04-26 12:45:48', 2),
(1645, 62, 2, '2022-04-26 12:45:48', 2),
(1646, 687, 3, '2022-04-26 12:45:48', 2),
(1647, 6, 1, '2022-04-26 12:45:48', 3),
(1648, 82, 2, '2022-04-26 12:45:48', 3),
(1649, 383, 3, '2022-04-26 12:45:48', 3),
(1650, 4, 1, '2022-04-26 12:45:48', 4),
(1651, 3, 2, '2022-04-26 12:45:48', 4),
(1652, 430, 3, '2022-04-26 12:45:48', 4),
(1653, 29, 1, '2022-04-26 12:46:03', 1),
(1654, 50, 2, '2022-04-26 12:46:03', 1),
(1655, 649, 3, '2022-04-26 12:46:03', 1),
(1656, 40, 1, '2022-04-26 12:46:03', 2),
(1657, 91, 2, '2022-04-26 12:46:03', 2),
(1658, 224, 3, '2022-04-26 12:46:03', 2),
(1659, 24, 1, '2022-04-26 12:46:03', 3),
(1660, 26, 2, '2022-04-26 12:46:03', 3),
(1661, 441, 3, '2022-04-26 12:46:03', 3),
(1662, -14, 1, '2022-04-26 12:46:03', 4),
(1663, 77, 2, '2022-04-26 12:46:03', 4),
(1664, 495, 3, '2022-04-26 12:46:03', 4),
(1665, 19, 1, '2022-04-26 12:46:18', 1),
(1666, 99, 2, '2022-04-26 12:46:18', 1),
(1667, 262, 3, '2022-04-26 12:46:18', 1),
(1668, 10, 1, '2022-04-26 12:46:18', 2),
(1669, 4, 2, '2022-04-26 12:46:18', 2),
(1670, 788, 3, '2022-04-26 12:46:18', 2),
(1671, -5, 1, '2022-04-26 12:46:18', 3),
(1672, 63, 2, '2022-04-26 12:46:18', 3),
(1673, 888, 3, '2022-04-26 12:46:18', 3),
(1674, 16, 1, '2022-04-26 12:46:18', 4),
(1675, 78, 2, '2022-04-26 12:46:18', 4),
(1676, 80, 3, '2022-04-26 12:46:18', 4),
(1677, 11, 1, '2022-04-26 12:46:34', 1),
(1678, 56, 2, '2022-04-26 12:46:34', 1),
(1679, 93, 3, '2022-04-26 12:46:34', 1),
(1680, 3, 1, '2022-04-26 12:46:34', 2),
(1681, 72, 2, '2022-04-26 12:46:34', 2),
(1682, 663, 3, '2022-04-26 12:46:34', 2),
(1683, 7, 1, '2022-04-26 12:46:34', 3),
(1684, 81, 2, '2022-04-26 12:46:34', 3),
(1685, 120, 3, '2022-04-26 12:46:34', 3),
(1686, 25, 1, '2022-04-26 12:46:34', 4),
(1687, 56, 2, '2022-04-26 12:46:34', 4),
(1688, 880, 3, '2022-04-26 12:46:34', 4),
(1689, 31, 1, '2022-04-26 12:46:49', 1),
(1690, 29, 2, '2022-04-26 12:46:49', 1),
(1691, 434, 3, '2022-04-26 12:46:49', 1),
(1692, 5, 1, '2022-04-26 12:46:49', 2),
(1693, 80, 2, '2022-04-26 12:46:49', 2),
(1694, 852, 3, '2022-04-26 12:46:49', 2),
(1695, -11, 1, '2022-04-26 12:46:49', 3),
(1696, 50, 2, '2022-04-26 12:46:49', 3),
(1697, 452, 3, '2022-04-26 12:46:49', 3),
(1698, 3, 1, '2022-04-26 12:46:49', 4),
(1699, 19, 2, '2022-04-26 12:46:49', 4),
(1700, 823, 3, '2022-04-26 12:46:49', 4),
(1701, 5, 1, '2022-04-26 12:47:04', 1),
(1702, 43, 2, '2022-04-26 12:47:04', 1),
(1703, 93, 3, '2022-04-26 12:47:04', 1),
(1704, -11, 1, '2022-04-26 12:47:04', 2),
(1705, 60, 2, '2022-04-26 12:47:04', 2),
(1706, 148, 3, '2022-04-26 12:47:04', 2),
(1707, 4, 1, '2022-04-26 12:47:04', 3),
(1708, 57, 2, '2022-04-26 12:47:04', 3),
(1709, 159, 3, '2022-04-26 12:47:04', 3),
(1710, 3, 1, '2022-04-26 12:47:04', 4),
(1711, 85, 2, '2022-04-26 12:47:04', 4),
(1712, 7, 3, '2022-04-26 12:47:04', 4),
(1713, -10, 1, '2022-04-26 12:47:19', 1),
(1714, 64, 2, '2022-04-26 12:47:19', 1),
(1715, 160, 3, '2022-04-26 12:47:19', 1),
(1716, 15, 1, '2022-04-26 12:47:19', 2),
(1717, 46, 2, '2022-04-26 12:47:19', 2),
(1718, 621, 3, '2022-04-26 12:47:19', 2),
(1719, 25, 1, '2022-04-26 12:47:19', 3),
(1720, 45, 2, '2022-04-26 12:47:19', 3),
(1721, 505, 3, '2022-04-26 12:47:19', 3),
(1722, 1, 1, '2022-04-26 12:47:19', 4),
(1723, 67, 2, '2022-04-26 12:47:19', 4),
(1724, 620, 3, '2022-04-26 12:47:19', 4);

--
-- Indexes for dumped tables
--

--
-- Indexes for table `administrateur`
--
ALTER TABLE `administrateur`
  ADD PRIMARY KEY (`idAdmin`);

--
-- Indexes for table `batiment`
--
ALTER TABLE `batiment`
  ADD PRIMARY KEY (`idBatiment`);

--
-- Indexes for table `local_`
--
ALTER TABLE `local_`
  ADD PRIMARY KEY (`idLocal`),
  ADD KEY `idBatiment` (`idBatiment`);

--
-- Indexes for table `mesure`
--
ALTER TABLE `mesure`
  ADD PRIMARY KEY (`idMesure`),
  ADD KEY `idLocal` (`idLocal`);

--
-- AUTO_INCREMENT for dumped tables
--

--
-- AUTO_INCREMENT for table `administrateur`
--
ALTER TABLE `administrateur`
  MODIFY `idAdmin` int NOT NULL AUTO_INCREMENT, AUTO_INCREMENT=2;

--
-- AUTO_INCREMENT for table `batiment`
--
ALTER TABLE `batiment`
  MODIFY `idBatiment` int NOT NULL AUTO_INCREMENT, AUTO_INCREMENT=3;

--
-- AUTO_INCREMENT for table `local_`
--
ALTER TABLE `local_`
  MODIFY `idLocal` int NOT NULL AUTO_INCREMENT, AUTO_INCREMENT=5;

--
-- AUTO_INCREMENT for table `mesure`
--
ALTER TABLE `mesure`
  MODIFY `idMesure` int NOT NULL AUTO_INCREMENT, AUTO_INCREMENT=1725;

--
-- Constraints for dumped tables
--

--
-- Constraints for table `local_`
--
ALTER TABLE `local_`
  ADD CONSTRAINT `local__ibfk_1` FOREIGN KEY (`idBatiment`) REFERENCES `batiment` (`idBatiment`) ON DELETE CASCADE ON UPDATE CASCADE;

--
-- Constraints for table `mesure`
--
ALTER TABLE `mesure`
  ADD CONSTRAINT `mesure_ibfk_1` FOREIGN KEY (`idLocal`) REFERENCES `local_` (`idLocal`) ON DELETE CASCADE ON UPDATE CASCADE;
COMMIT;

/*!40101 SET CHARACTER_SET_CLIENT=@OLD_CHARACTER_SET_CLIENT */;
/*!40101 SET CHARACTER_SET_RESULTS=@OLD_CHARACTER_SET_RESULTS */;
/*!40101 SET COLLATION_CONNECTION=@OLD_COLLATION_CONNECTION */;
